protocol	rho:io:stdout	"x"	1	none	-	false
protocol	rho:io:stderr	"x"	1	none	-	false
protocol	rho:io:stdoutAck	"x"	2	send	nil	false
protocol	rho:io:stderrAck	"x"	2	send	nil	false
protocol	rho:block:data	-	1	send	int,byteArray,int	false
protocol	rho:registry:lookup	"rho:id:unknown0000000000000000000000000000000000"	2	send	nil	false
protocol	rho:registry:insertArbitrary	Nil	2	send	uri	false
protocol	rho:rev:address	"validate", "abc"	3	send	string	false
protocol	rho:qucalc:zfa	[0, 1]	2	tuple	bool,int	false
protocol	rho:rchain:ertp:ledger	"makeKit"	1	tuple	name,name	true
