# validators=8 nodes=bootstrap:40403,v1:41403,v2:42403,v3:43403,v4:44403,v5:45403,v6:46403,v7:47403
# cap=memory.max=4294967296 memory.swap.max=4294967296 (bytes)
# env=none
# container_cmd=[run --host devnet-bootstrap --api-host 0.0.0.0 --data-dir /var/lib/rnode --protocol-port 40400 --discovery-port 40404 --api-port-grpc-external 40401 --api-port-grpc-internal 40402 --api-port-http 40403 --api-port-admin-http 40405 --propose-on-deploy --api-enable-devnet-cors --api-enable-devnet-admin-public --dev-mode --deployer-private-key a68a6e6cca30f81bd24a719f3145d20e8424bd7b396309b0708a16c7d8000b76 --epoch-length 10 -s --bonds-file /genesis/bonds.txt --wallets-file /genesis/wallets.txt --validator-private-key a68a6e6cca30f81bd24a719f3145d20e8424bd7b396309b0708a16c7d8000b76]
# blocks_read=/api/blocks/<depth>, depth=min(50, height) — the node's own max-blocks-limit; a failed read is recorded, never counted as zero blocks
# tree=2b21c4d6e070eca2df68ec7f2decef07f68d0659
# image=sha256:aefc898e1b6830a398700695d58e821d5f804ade3df28e8f0f890281c60ae3c8 2026-10-07T12:12:12.022494038+01:00
# container=61b2a476d804ebc8df6e22465eb719942f0f138ebfeb302aa781814f7c6f10a0
# binary_sha256=89e9b65385697094e4351d7e1b76658a6f9f8b47105a96341f004b5bb8898520
utc	epoch	node	height	finalized	alive
12:38:16	1791376696	bootstrap	1	none	1
12:38:16	1791376696	v1	1	none	1
12:38:16	1791376696	v2	1	none	1
12:38:16	1791376696	v3	1	none	1
12:38:16	1791376696	v4	1	none	1
12:38:16	1791376696	v5	1	none	1
12:38:16	1791376696	v6	1	none	1
12:38:16	1791376696	v7	1	none	1
12:38:17	1791376698	bootstrap	1	none	1
12:38:17	1791376698	v1	1	none	1
12:38:17	1791376698	v2	1	none	1
12:38:17	1791376698	v3	1	none	1
12:38:17	1791376698	v4	1	none	1
12:38:17	1791376698	v5	1	none	1
12:38:17	1791376698	v6	1	none	1
12:38:17	1791376698	v7	1	none	1
12:38:19	1791376699	bootstrap	1	none	1
12:38:19	1791376699	v1	1	none	1
12:38:19	1791376699	v2	1	none	1
12:38:19	1791376699	v3	1	none	1
12:38:19	1791376699	v4	1	none	1
12:38:19	1791376699	v5	1	none	1
12:38:19	1791376699	v6	1	none	1
12:38:19	1791376699	v7	1	none	1
12:38:20	1791376701	bootstrap	1	none	1
12:38:20	1791376701	v1	1	none	1
12:38:20	1791376701	v2	1	none	1
12:38:20	1791376701	v3	1	none	1
12:38:20	1791376701	v4	1	none	1
12:38:20	1791376701	v5	1	none	1
12:38:20	1791376701	v6	1	none	1
12:38:20	1791376701	v7	1	none	1
12:38:22	1791376702	bootstrap	1	none	1
12:38:22	1791376702	v1	1	none	1
12:38:22	1791376702	v2	1	none	1
12:38:22	1791376702	v3	1	none	1
12:38:22	1791376702	v4	1	none	1
12:38:22	1791376702	v5	1	none	1
12:38:22	1791376702	v6	1	none	1
12:38:22	1791376702	v7	1	none	1
12:38:23	1791376704	bootstrap	1	none	1
12:38:23	1791376704	v1	1	none	1
12:38:23	1791376704	v2	1	none	1
12:38:23	1791376704	v3	1	none	1
12:38:23	1791376704	v4	1	none	1
12:38:23	1791376704	v5	1	none	1
12:38:23	1791376704	v6	1	none	1
12:38:23	1791376704	v7	1	none	1
12:38:25	1791376705	bootstrap	1	none	1
12:38:25	1791376705	v1	1	none	1
12:38:25	1791376705	v2	1	none	1
12:38:25	1791376705	v3	1	none	1
12:38:25	1791376705	v4	1	none	1
12:38:25	1791376705	v5	1	none	1
12:38:25	1791376705	v6	1	none	1
12:38:25	1791376705	v7	1	none	1
12:38:26	1791376706	bootstrap	1	none	1
12:38:26	1791376706	v1	1	none	1
12:38:26	1791376706	v2	1	none	1
12:38:26	1791376706	v3	1	none	1
12:38:26	1791376706	v4	1	none	1
12:38:26	1791376706	v5	1	none	1
12:38:26	1791376706	v6	1	none	1
12:38:26	1791376706	v7	1	none	1
12:38:27	1791376708	bootstrap	1	none	1
12:38:27	1791376708	v1	1	none	1
12:38:27	1791376708	v2	1	none	1
12:38:27	1791376708	v3	1	none	1
12:38:27	1791376708	v4	1	none	1
12:38:27	1791376708	v5	1	none	1
12:38:27	1791376708	v6	1	none	1
12:38:27	1791376708	v7	1	none	1
12:38:29	1791376709	bootstrap	1	none	1
12:38:29	1791376709	v1	1	none	1
12:38:29	1791376709	v2	1	none	1
12:38:29	1791376709	v3	1	none	1
12:38:29	1791376709	v4	1	none	1
12:38:29	1791376709	v5	1	none	1
12:38:29	1791376709	v6	1	none	1
12:38:29	1791376709	v7	1	none	1
12:38:30	1791376711	bootstrap	1	none	1
12:38:30	1791376711	v1	1	none	1
12:38:30	1791376711	v2	1	none	1
12:38:30	1791376711	v3	1	none	1
12:38:30	1791376711	v4	1	none	1
12:38:30	1791376711	v5	1	none	1
12:38:30	1791376711	v6	1	none	1
12:38:30	1791376711	v7	1	none	1
12:38:32	1791376712	bootstrap	1	none	1
12:38:32	1791376712	v1	1	none	1
12:38:32	1791376712	v2	1	none	1
12:38:32	1791376712	v3	1	none	1
12:38:32	1791376712	v4	1	none	1
12:38:32	1791376712	v5	1	none	1
12:38:32	1791376712	v6	1	none	1
12:38:32	1791376712	v7	1	none	1
12:38:33	1791376714	bootstrap	1	none	1
12:38:33	1791376714	v1	1	none	1
12:38:33	1791376714	v2	1	none	1
12:38:33	1791376714	v3	1	none	1
12:38:33	1791376714	v4	1	none	1
12:38:33	1791376714	v5	1	none	1
12:38:33	1791376714	v6	1	none	1
12:38:33	1791376714	v7	1	none	1
12:38:35	1791376715	bootstrap	1	none	1
12:38:35	1791376715	v1	1	none	1
12:38:35	1791376715	v2	1	none	1
12:38:35	1791376715	v3	1	none	1
12:38:35	1791376715	v4	1	none	1
12:38:35	1791376715	v5	1	none	1
12:38:35	1791376715	v6	1	none	1
12:38:35	1791376715	v7	1	none	1
12:38:36	1791376717	bootstrap	1	none	1
12:38:36	1791376717	v1	1	none	1
12:38:36	1791376717	v2	1	none	1
12:38:36	1791376717	v3	1	none	1
12:38:36	1791376717	v4	1	none	1
12:38:36	1791376717	v5	1	none	1
12:38:36	1791376717	v6	1	none	1
12:38:36	1791376717	v7	1	none	1
12:38:37	1791376718	bootstrap	1	none	1
12:38:37	1791376718	v1	1	none	1
12:38:37	1791376718	v2	1	none	1
12:38:37	1791376718	v3	1	none	1
12:38:37	1791376718	v4	1	none	1
12:38:37	1791376718	v5	1	none	1
12:38:37	1791376718	v6	1	none	1
12:38:37	1791376718	v7	1	none	1
12:38:39	1791376719	bootstrap	1	none	1
12:38:39	1791376719	v1	1	none	1
12:38:39	1791376719	v2	1	none	1
12:38:39	1791376719	v3	1	none	1
12:38:39	1791376719	v4	1	none	1
12:38:39	1791376719	v5	1	none	1
12:38:39	1791376719	v6	1	none	1
12:38:39	1791376719	v7	1	none	1
12:38:40	1791376721	bootstrap	1	none	1
12:38:40	1791376721	v1	1	none	1
12:38:40	1791376721	v2	1	none	1
12:38:40	1791376721	v3	1	none	1
12:38:40	1791376721	v4	1	none	1
12:38:40	1791376721	v5	1	none	1
12:38:40	1791376721	v6	1	none	1
12:38:40	1791376721	v7	1	none	1
12:38:42	1791376722	bootstrap	1	none	1
12:38:42	1791376722	v1	1	none	1
12:38:42	1791376722	v2	1	none	1
12:38:42	1791376722	v3	1	none	1
12:38:42	1791376722	v4	1	none	1
12:38:42	1791376722	v5	1	none	1
12:38:42	1791376722	v6	1	none	1
12:38:42	1791376722	v7	1	none	1
12:38:43	1791376724	bootstrap	1	none	1
12:38:43	1791376724	v1	1	none	1
12:38:43	1791376724	v2	1	none	1
12:38:43	1791376724	v3	1	none	1
12:38:43	1791376724	v4	1	none	1
12:38:43	1791376724	v5	1	none	1
12:38:43	1791376724	v6	1	none	1
12:38:43	1791376724	v7	1	none	1
12:38:45	1791376725	bootstrap	1	none	1
12:38:45	1791376725	v1	1	none	1
12:38:45	1791376725	v2	1	none	1
12:38:45	1791376725	v3	1	none	1
12:38:45	1791376725	v4	1	none	1
12:38:45	1791376725	v5	1	none	1
12:38:45	1791376725	v6	1	none	1
12:38:45	1791376725	v7	1	none	1
12:38:46	1791376727	bootstrap	1	none	1
12:38:46	1791376727	v1	1	none	1
12:38:46	1791376727	v2	1	none	1
12:38:46	1791376727	v3	1	none	1
12:38:46	1791376727	v4	1	none	1
12:38:46	1791376727	v5	1	none	1
12:38:46	1791376727	v6	1	none	1
12:38:46	1791376727	v7	1	none	1
12:38:47	1791376728	bootstrap	1	none	1
12:38:47	1791376728	v1	1	none	1
12:38:47	1791376728	v2	1	none	1
12:38:47	1791376728	v3	1	none	1
12:38:47	1791376728	v4	1	none	1
12:38:47	1791376728	v5	1	none	1
12:38:47	1791376728	v6	1	none	1
12:38:47	1791376728	v7	1	none	1
12:38:49	1791376729	bootstrap	1	none	1
12:38:49	1791376729	v1	1	none	1
12:38:49	1791376729	v2	1	none	1
12:38:49	1791376729	v3	1	none	1
12:38:49	1791376729	v4	1	none	1
12:38:49	1791376729	v5	1	none	1
12:38:49	1791376729	v6	1	none	1
12:38:49	1791376729	v7	1	none	1
12:38:50	1791376731	bootstrap	1	none	1
12:38:50	1791376731	v1	1	none	1
12:38:50	1791376731	v2	1	none	1
12:38:50	1791376731	v3	1	none	1
12:38:50	1791376731	v4	1	none	1
12:38:50	1791376731	v5	1	none	1
12:38:50	1791376731	v6	1	none	1
12:38:50	1791376731	v7	1	none	1
12:38:52	1791376732	bootstrap	1	none	1
12:38:52	1791376732	v1	1	none	1
12:38:52	1791376732	v2	1	none	1
12:38:52	1791376732	v3	1	none	1
12:38:52	1791376732	v4	1	none	1
12:38:52	1791376732	v5	1	none	1
12:38:52	1791376732	v6	1	none	1
12:38:52	1791376732	v7	1	none	1
12:38:53	1791376734	bootstrap	1	none	1
12:38:53	1791376734	v1	1	none	1
12:38:53	1791376734	v2	1	none	1
12:38:53	1791376734	v3	1	none	1
12:38:53	1791376734	v4	1	none	1
12:38:53	1791376734	v5	1	none	1
12:38:53	1791376734	v6	1	none	1
12:38:53	1791376734	v7	1	none	1
12:38:55	1791376735	bootstrap	1	none	1
12:38:55	1791376735	v1	1	none	1
12:38:55	1791376735	v2	1	none	1
12:38:55	1791376735	v3	1	none	1
12:38:55	1791376735	v4	1	none	1
12:38:55	1791376735	v5	1	none	1
12:38:55	1791376735	v6	1	none	1
12:38:55	1791376735	v7	1	none	1
12:38:56	1791376737	bootstrap	1	none	1
12:38:56	1791376737	v1	1	none	1
12:38:56	1791376737	v2	1	none	1
12:38:56	1791376737	v3	1	none	1
12:38:56	1791376737	v4	1	none	1
12:38:56	1791376737	v5	1	none	1
12:38:56	1791376737	v6	1	none	1
12:38:56	1791376737	v7	1	none	1
12:38:58	1791376738	bootstrap	1	none	1
12:38:58	1791376738	v1	1	none	1
12:38:58	1791376738	v2	1	none	1
12:38:58	1791376738	v3	1	none	1
12:38:58	1791376738	v4	1	none	1
12:38:58	1791376738	v5	1	none	1
12:38:58	1791376738	v6	1	none	1
12:38:58	1791376738	v7	1	none	1
12:38:59	1791376740	bootstrap	1	none	1
12:38:59	1791376740	v1	1	none	1
12:38:59	1791376740	v2	1	none	1
12:38:59	1791376740	v3	1	none	1
12:38:59	1791376740	v4	1	none	1
12:38:59	1791376740	v5	1	none	1
12:38:59	1791376740	v6	1	none	1
12:38:59	1791376740	v7	1	none	1
12:39:00	1791376741	bootstrap	1	none	1
12:39:00	1791376741	v1	1	none	1
12:39:00	1791376741	v2	1	none	1
12:39:00	1791376741	v3	1	none	1
12:39:00	1791376741	v4	1	none	1
12:39:00	1791376741	v5	1	none	1
12:39:00	1791376741	v6	1	none	1
12:39:00	1791376741	v7	1	none	1
12:39:02	1791376742	bootstrap	1	none	1
12:39:02	1791376742	v1	1	none	1
12:39:02	1791376742	v2	1	none	1
12:39:02	1791376742	v3	1	none	1
12:39:02	1791376742	v4	1	none	1
12:39:02	1791376742	v5	1	none	1
12:39:02	1791376742	v6	1	none	1
12:39:02	1791376742	v7	1	none	1
12:39:03	1791376744	bootstrap	1	none	1
12:39:03	1791376744	v1	1	none	1
12:39:03	1791376744	v2	1	none	1
12:39:03	1791376744	v3	1	none	1
12:39:03	1791376744	v4	1	none	1
12:39:03	1791376744	v5	1	none	1
12:39:03	1791376744	v6	1	none	1
12:39:03	1791376744	v7	1	none	1
12:39:05	1791376745	bootstrap	1	none	1
12:39:05	1791376745	v1	1	none	1
12:39:05	1791376745	v2	1	none	1
12:39:05	1791376745	v3	1	none	1
12:39:05	1791376745	v4	1	none	1
12:39:05	1791376745	v5	1	none	1
12:39:05	1791376745	v6	1	none	1
12:39:05	1791376745	v7	1	none	1
12:39:06	1791376747	bootstrap	1	none	1
12:39:06	1791376747	v1	1	none	1
12:39:06	1791376747	v2	1	none	1
12:39:06	1791376747	v3	1	none	1
12:39:06	1791376747	v4	1	none	1
12:39:06	1791376747	v5	1	none	1
12:39:06	1791376747	v6	1	none	1
12:39:06	1791376747	v7	1	none	1
12:39:08	1791376748	bootstrap	1	none	1
12:39:08	1791376748	v1	1	none	1
12:39:08	1791376748	v2	1	none	1
12:39:08	1791376748	v3	1	none	1
12:39:08	1791376748	v4	1	none	1
12:39:08	1791376748	v5	1	none	1
12:39:08	1791376748	v6	1	none	1
12:39:08	1791376748	v7	1	none	1
12:39:09	1791376750	bootstrap	1	none	1
12:39:09	1791376750	v1	1	none	1
12:39:09	1791376750	v2	1	none	1
12:39:09	1791376750	v3	1	none	1
12:39:09	1791376750	v4	1	none	1
12:39:09	1791376750	v5	1	none	1
12:39:09	1791376750	v6	1	none	1
12:39:09	1791376750	v7	1	none	1
12:39:11	1791376751	bootstrap	1	none	1
12:39:11	1791376751	v1	1	none	1
12:39:11	1791376751	v2	1	none	1
12:39:11	1791376751	v3	1	none	1
12:39:11	1791376751	v4	1	none	1
12:39:11	1791376751	v5	1	none	1
12:39:11	1791376751	v6	1	none	1
12:39:11	1791376751	v7	1	none	1
12:39:12	1791376753	bootstrap	1	none	1
12:39:12	1791376753	v1	1	none	1
12:39:12	1791376753	v2	1	none	1
12:39:12	1791376753	v3	1	none	1
12:39:12	1791376753	v4	1	none	1
12:39:12	1791376753	v5	1	none	1
12:39:12	1791376753	v6	1	none	1
12:39:12	1791376753	v7	1	none	1
12:39:14	1791376754	bootstrap	1	none	1
12:39:14	1791376754	v1	1	none	1
12:39:14	1791376754	v2	1	none	1
12:39:14	1791376754	v3	1	none	1
12:39:14	1791376754	v4	1	none	1
12:39:14	1791376754	v5	1	none	1
12:39:14	1791376754	v6	1	none	1
12:39:14	1791376754	v7	1	none	1
12:39:15	1791376756	bootstrap	1	none	1
12:39:15	1791376756	v1	1	none	1
12:39:15	1791376756	v2	1	none	1
12:39:15	1791376756	v3	1	none	1
12:39:15	1791376756	v4	1	none	1
12:39:15	1791376756	v5	1	none	1
12:39:15	1791376756	v6	1	none	1
12:39:15	1791376756	v7	1	none	1
12:39:16	1791376757	bootstrap	1	none	1
12:39:16	1791376757	v1	1	none	1
12:39:16	1791376757	v2	1	none	1
12:39:16	1791376757	v3	1	none	1
12:39:16	1791376757	v4	1	none	1
12:39:16	1791376757	v5	1	none	1
12:39:16	1791376757	v6	1	none	1
12:39:16	1791376757	v7	1	none	1
12:39:18	1791376758	bootstrap	1	none	1
12:39:18	1791376758	v1	1	none	1
12:39:18	1791376758	v2	1	none	1
12:39:18	1791376758	v3	1	none	1
12:39:18	1791376758	v4	1	none	1
12:39:18	1791376758	v5	1	none	1
12:39:18	1791376758	v6	1	none	1
12:39:18	1791376758	v7	1	none	1
12:39:19	1791376760	bootstrap	1	none	1
12:39:19	1791376760	v1	1	none	1
12:39:19	1791376760	v2	1	none	1
12:39:19	1791376760	v3	1	none	1
12:39:19	1791376760	v4	1	none	1
12:39:19	1791376760	v5	1	none	1
12:39:19	1791376760	v6	1	none	1
12:39:19	1791376760	v7	1	none	1
12:39:21	1791376761	bootstrap	1	none	1
12:39:21	1791376761	v1	1	none	1
12:39:21	1791376761	v2	1	none	1
12:39:21	1791376761	v3	1	none	1
12:39:21	1791376761	v4	1	none	1
12:39:21	1791376761	v5	1	none	1
12:39:21	1791376761	v6	1	none	1
12:39:21	1791376761	v7	1	none	1
12:39:22	1791376763	bootstrap	1	none	1
12:39:22	1791376763	v1	1	none	1
12:39:22	1791376763	v2	1	none	1
12:39:22	1791376763	v3	1	none	1
12:39:22	1791376763	v4	1	none	1
12:39:22	1791376763	v5	1	none	1
12:39:22	1791376763	v6	1	none	1
12:39:22	1791376763	v7	1	none	1
12:39:24	1791376764	bootstrap	1	none	1
12:39:24	1791376764	v1	1	none	1
12:39:24	1791376764	v2	1	none	1
12:39:24	1791376764	v3	1	none	1
12:39:24	1791376764	v4	1	none	1
12:39:24	1791376764	v5	1	none	1
12:39:24	1791376764	v6	1	none	1
12:39:24	1791376764	v7	1	none	1
12:39:25	1791376766	bootstrap	1	none	1
12:39:25	1791376766	v1	1	none	1
12:39:25	1791376766	v2	1	none	1
12:39:25	1791376766	v3	1	none	1
12:39:25	1791376766	v4	1	none	1
12:39:25	1791376766	v5	1	none	1
12:39:25	1791376766	v6	1	none	1
12:39:25	1791376766	v7	1	none	1
12:39:27	1791376767	bootstrap	1	none	1
12:39:27	1791376767	v1	1	none	1
12:39:27	1791376767	v2	1	none	1
12:39:27	1791376767	v3	1	none	1
12:39:27	1791376767	v4	1	none	1
12:39:27	1791376767	v5	1	none	1
12:39:27	1791376767	v6	1	none	1
12:39:27	1791376767	v7	1	none	1
12:39:28	1791376769	bootstrap	1	none	1
12:39:28	1791376769	v1	1	none	1
12:39:28	1791376769	v2	1	none	1
12:39:28	1791376769	v3	1	none	1
12:39:28	1791376769	v4	1	none	1
12:39:28	1791376769	v5	1	none	1
12:39:28	1791376769	v6	1	none	1
12:39:28	1791376769	v7	1	none	1
12:39:29	1791376770	bootstrap	1	none	1
12:39:29	1791376770	v1	1	none	1
12:39:29	1791376770	v2	1	none	1
12:39:29	1791376770	v3	1	none	1
12:39:29	1791376770	v4	1	none	1
12:39:29	1791376770	v5	1	none	1
12:39:29	1791376770	v6	1	none	1
12:39:29	1791376770	v7	1	none	1
12:39:31	1791376771	bootstrap	1	none	1
12:39:31	1791376771	v1	1	none	1
12:39:31	1791376771	v2	1	none	1
12:39:31	1791376771	v3	1	none	1
12:39:31	1791376771	v4	1	none	1
12:39:31	1791376771	v5	1	none	1
12:39:31	1791376771	v6	1	none	1
12:39:31	1791376771	v7	1	none	1
12:39:32	1791376773	bootstrap	1	none	1
12:39:32	1791376773	v1	1	none	1
12:39:32	1791376773	v2	1	none	1
12:39:32	1791376773	v3	1	none	1
12:39:32	1791376773	v4	1	none	1
12:39:32	1791376773	v5	1	none	1
12:39:32	1791376773	v6	1	none	1
12:39:32	1791376773	v7	1	none	1
12:39:34	1791376774	bootstrap	1	none	1
12:39:34	1791376774	v1	1	none	1
12:39:34	1791376774	v2	1	none	1
12:39:34	1791376774	v3	1	none	1
12:39:34	1791376774	v4	1	none	1
12:39:34	1791376774	v5	1	none	1
12:39:34	1791376774	v6	1	none	1
12:39:34	1791376774	v7	1	none	1
12:39:35	1791376776	bootstrap	1	none	1
12:39:35	1791376776	v1	1	none	1
12:39:35	1791376776	v2	1	none	1
12:39:35	1791376776	v3	1	none	1
12:39:35	1791376776	v4	1	none	1
12:39:35	1791376776	v5	1	none	1
12:39:35	1791376776	v6	1	none	1
12:39:35	1791376776	v7	1	none	1
12:39:37	1791376777	bootstrap	1	none	1
12:39:37	1791376777	v1	1	none	1
12:39:37	1791376777	v2	1	none	1
12:39:37	1791376777	v3	1	none	1
12:39:37	1791376777	v4	1	none	1
12:39:37	1791376777	v5	1	none	1
12:39:37	1791376777	v6	1	none	1
12:39:37	1791376777	v7	1	none	1
12:39:38	1791376779	bootstrap	1	none	1
12:39:38	1791376779	v1	1	none	1
12:39:38	1791376779	v2	1	none	1
12:39:38	1791376779	v3	1	none	1
12:39:38	1791376779	v4	1	none	1
12:39:38	1791376779	v5	1	none	1
12:39:38	1791376779	v6	1	none	1
12:39:38	1791376779	v7	1	none	1
12:39:40	1791376780	bootstrap	1	none	1
12:39:40	1791376780	v1	1	none	1
12:39:40	1791376780	v2	1	none	1
12:39:40	1791376780	v3	1	none	1
12:39:40	1791376780	v4	1	none	1
12:39:40	1791376780	v5	1	none	1
12:39:40	1791376780	v6	1	none	1
12:39:40	1791376780	v7	1	none	1
12:39:41	1791376781	bootstrap	1	none	1
12:39:41	1791376781	v1	1	none	1
12:39:41	1791376781	v2	1	none	1
12:39:41	1791376781	v3	1	none	1
12:39:41	1791376781	v4	1	none	1
12:39:41	1791376781	v5	1	none	1
12:39:41	1791376781	v6	1	none	1
12:39:41	1791376781	v7	1	none	1
12:39:42	1791376783	bootstrap	1	none	1
12:39:42	1791376783	v1	1	none	1
12:39:42	1791376783	v2	1	none	1
12:39:42	1791376783	v3	1	none	1
12:39:42	1791376783	v4	1	none	1
12:39:42	1791376783	v5	1	none	1
12:39:42	1791376783	v6	1	none	1
12:39:42	1791376783	v7	1	none	1
12:39:44	1791376784	bootstrap	1	none	1
12:39:44	1791376784	v1	1	none	1
12:39:44	1791376784	v2	1	none	1
12:39:44	1791376784	v3	1	none	1
12:39:44	1791376784	v4	1	none	1
12:39:44	1791376784	v5	1	none	1
12:39:44	1791376784	v6	1	none	1
12:39:44	1791376784	v7	1	none	1
12:39:45	1791376786	bootstrap	1	none	1
12:39:45	1791376786	v1	1	none	1
12:39:45	1791376786	v2	1	none	1
12:39:45	1791376786	v3	1	none	1
12:39:45	1791376786	v4	1	none	1
12:39:45	1791376786	v5	1	none	1
12:39:45	1791376786	v6	1	none	1
12:39:45	1791376786	v7	1	none	1
12:39:47	1791376787	bootstrap	1	none	1
12:39:47	1791376787	v1	1	none	1
12:39:47	1791376787	v2	1	none	1
12:39:47	1791376787	v3	1	none	1
12:39:47	1791376787	v4	1	none	1
12:39:47	1791376787	v5	1	none	1
12:39:47	1791376787	v6	1	none	1
12:39:47	1791376787	v7	1	none	1
12:39:48	1791376789	bootstrap	1	none	1
12:39:48	1791376789	v1	1	none	1
12:39:48	1791376789	v2	1	none	1
12:39:48	1791376789	v3	1	none	1
12:39:48	1791376789	v4	1	none	1
12:39:48	1791376789	v5	1	none	1
12:39:48	1791376789	v6	1	none	1
12:39:48	1791376789	v7	1	none	1
12:39:50	1791376790	bootstrap	1	none	1
12:39:50	1791376790	v1	1	none	1
12:39:50	1791376790	v2	1	none	1
12:39:50	1791376790	v3	1	none	1
12:39:50	1791376790	v4	1	none	1
12:39:50	1791376790	v5	1	none	1
12:39:50	1791376790	v6	1	none	1
12:39:50	1791376790	v7	1	none	1
12:39:51	1791376792	bootstrap	1	none	1
12:39:51	1791376792	v1	1	none	1
12:39:51	1791376792	v2	1	none	1
12:39:51	1791376792	v3	1	none	1
12:39:51	1791376792	v4	1	none	1
12:39:51	1791376792	v5	1	none	1
12:39:51	1791376792	v6	1	none	1
12:39:51	1791376792	v7	1	none	1
12:39:53	1791376793	bootstrap	1	none	1
12:39:53	1791376793	v1	1	none	1
12:39:53	1791376793	v2	1	none	1
12:39:53	1791376793	v3	1	none	1
12:39:53	1791376793	v4	1	none	1
12:39:53	1791376793	v5	1	none	1
12:39:53	1791376793	v6	1	none	1
12:39:53	1791376793	v7	1	none	1
12:39:54	1791376794	bootstrap	1	none	1
12:39:54	1791376794	v1	1	none	1
12:39:54	1791376794	v2	1	none	1
12:39:54	1791376794	v3	1	none	1
12:39:54	1791376794	v4	1	none	1
12:39:54	1791376794	v5	1	none	1
12:39:54	1791376794	v6	1	none	1
12:39:54	1791376794	v7	1	none	1
12:39:55	1791376796	bootstrap	1	none	1
12:39:55	1791376796	v1	1	none	1
12:39:55	1791376796	v2	1	none	1
12:39:55	1791376796	v3	1	none	1
12:39:55	1791376796	v4	1	none	1
12:39:55	1791376796	v5	1	none	1
12:39:55	1791376796	v6	1	none	1
12:39:55	1791376796	v7	1	none	1
12:39:57	1791376797	bootstrap	1	none	1
12:39:57	1791376797	v1	1	none	1
12:39:57	1791376797	v2	1	none	1
12:39:57	1791376797	v3	1	none	1
12:39:57	1791376797	v4	1	none	1
12:39:57	1791376797	v5	1	none	1
12:39:57	1791376797	v6	1	none	1
12:39:57	1791376797	v7	1	none	1
12:39:58	1791376799	bootstrap	1	none	1
12:39:58	1791376799	v1	1	none	1
12:39:58	1791376799	v2	1	none	1
12:39:58	1791376799	v3	1	none	1
12:39:58	1791376799	v4	1	none	1
12:39:58	1791376799	v5	1	none	1
12:39:58	1791376799	v6	1	none	1
12:39:58	1791376799	v7	1	none	1
12:40:00	1791376800	bootstrap	1	none	1
12:40:00	1791376800	v1	1	none	1
12:40:00	1791376800	v2	1	none	1
12:40:00	1791376800	v3	1	none	1
12:40:00	1791376800	v4	1	none	1
12:40:00	1791376800	v5	1	none	1
12:40:00	1791376800	v6	1	none	1
12:40:00	1791376800	v7	1	none	1
12:40:01	1791376802	bootstrap	1	none	1
12:40:01	1791376802	v1	1	none	1
12:40:01	1791376802	v2	1	none	1
12:40:01	1791376802	v3	1	none	1
12:40:01	1791376802	v4	1	none	1
12:40:01	1791376802	v5	1	none	1
12:40:01	1791376802	v6	1	none	1
12:40:01	1791376802	v7	1	none	1
12:40:03	1791376803	bootstrap	1	none	1
12:40:03	1791376803	v1	1	none	1
12:40:03	1791376803	v2	1	none	1
12:40:03	1791376803	v3	1	none	1
12:40:03	1791376803	v4	1	none	1
12:40:03	1791376803	v5	1	none	1
12:40:03	1791376803	v6	1	none	1
12:40:03	1791376803	v7	1	none	1
12:40:04	1791376805	bootstrap	1	none	1
12:40:04	1791376805	v1	1	none	1
12:40:04	1791376805	v2	1	none	1
12:40:04	1791376805	v3	1	none	1
12:40:04	1791376805	v4	1	none	1
12:40:04	1791376805	v5	1	none	1
12:40:04	1791376805	v6	1	none	1
12:40:04	1791376805	v7	1	none	1
12:40:05	1791376806	bootstrap	1	none	1
12:40:05	1791376806	v1	1	none	1
12:40:05	1791376806	v2	1	none	1
12:40:05	1791376806	v3	1	none	1
12:40:05	1791376806	v4	1	none	1
12:40:05	1791376806	v5	1	none	1
12:40:05	1791376806	v6	1	none	1
12:40:05	1791376806	v7	1	none	1
12:40:07	1791376807	bootstrap	1	none	1
12:40:07	1791376807	v1	1	none	1
12:40:07	1791376807	v2	1	none	1
12:40:07	1791376807	v3	1	none	1
12:40:07	1791376807	v4	1	none	1
12:40:07	1791376807	v5	1	none	1
12:40:07	1791376807	v6	1	none	1
12:40:07	1791376807	v7	1	none	1
12:40:08	1791376809	bootstrap	1	none	1
12:40:08	1791376809	v1	1	none	1
12:40:08	1791376809	v2	1	none	1
12:40:08	1791376809	v3	1	none	1
12:40:08	1791376809	v4	1	none	1
12:40:08	1791376809	v5	1	none	1
12:40:08	1791376809	v6	1	none	1
12:40:08	1791376809	v7	1	none	1
12:40:10	1791376810	bootstrap	1	none	1
12:40:10	1791376810	v1	1	none	1
12:40:10	1791376810	v2	1	none	1
12:40:10	1791376810	v3	1	none	1
12:40:10	1791376810	v4	1	none	1
12:40:10	1791376810	v5	1	none	1
12:40:10	1791376810	v6	1	none	1
12:40:10	1791376810	v7	1	none	1
12:40:11	1791376812	bootstrap	1	none	1
12:40:11	1791376812	v1	1	none	1
12:40:11	1791376812	v2	1	none	1
12:40:11	1791376812	v3	1	none	1
12:40:11	1791376812	v4	1	none	1
12:40:11	1791376812	v5	1	none	1
12:40:11	1791376812	v6	1	none	1
12:40:11	1791376812	v7	1	none	1
12:40:13	1791376813	bootstrap	1	none	1
12:40:13	1791376813	v1	1	none	1
12:40:13	1791376813	v2	1	none	1
12:40:13	1791376813	v3	1	none	1
12:40:13	1791376813	v4	1	none	1
12:40:13	1791376813	v5	1	none	1
12:40:13	1791376813	v6	1	none	1
12:40:13	1791376813	v7	1	none	1
12:40:14	1791376815	bootstrap	1	none	1
12:40:14	1791376815	v1	1	none	1
12:40:14	1791376815	v2	1	none	1
12:40:14	1791376815	v3	1	none	1
12:40:14	1791376815	v4	1	none	1
12:40:14	1791376815	v5	1	none	1
12:40:14	1791376815	v6	1	none	1
12:40:14	1791376815	v7	1	none	1
12:40:15	1791376816	bootstrap	1	none	1
12:40:15	1791376816	v1	1	none	1
12:40:15	1791376816	v2	1	none	1
12:40:15	1791376816	v3	1	none	1
12:40:15	1791376816	v4	1	none	1
12:40:15	1791376816	v5	1	none	1
12:40:15	1791376816	v6	1	none	1
12:40:15	1791376816	v7	1	none	1
12:40:17	1791376817	bootstrap	2	none	1
12:40:17	1791376817	v1	2	none	1
12:40:17	1791376817	v2	2	none	1
12:40:17	1791376817	v3	2	none	1
12:40:17	1791376817	v4	2	none	1
12:40:17	1791376817	v5	2	none	1
12:40:17	1791376817	v6	2	none	1
12:40:17	1791376817	v7	2	none	1
12:40:18	1791376819	bootstrap	4	none	1
12:40:18	1791376819	v1	2	none	1
12:40:18	1791376819	v2	3	none	1
12:40:18	1791376819	v3	3	none	1
12:40:18	1791376819	v4	3	none	1
12:40:18	1791376819	v5	3	none	1
12:40:18	1791376819	v6	3	none	1
12:40:18	1791376819	v7	3	none	1
12:40:20	1791376820	bootstrap	4	none	1
12:40:20	1791376820	v1	4	none	1
12:40:20	1791376820	v2	4	none	1
12:40:20	1791376820	v3	4	none	1
12:40:20	1791376820	v4	4	none	1
12:40:20	1791376820	v5	4	none	1
12:40:20	1791376820	v6	4	none	1
12:40:20	1791376820	v7	4	none	1
12:40:21	1791376822	bootstrap	8	none	1
12:40:21	1791376822	v1	6	none	1
12:40:21	1791376822	v2	6	none	1
12:40:21	1791376822	v3	6	none	1
12:40:21	1791376822	v4	6	none	1
12:40:21	1791376822	v5	7	none	1
12:40:21	1791376822	v6	6	none	1
12:40:21	1791376822	v7	6	none	1
12:40:23	1791376823	bootstrap	8	none	1
12:40:23	1791376823	v1	7	none	1
12:40:23	1791376823	v2	7	none	1
12:40:23	1791376823	v3	9	none	1
12:40:23	1791376823	v4	9	none	1
12:40:23	1791376823	v5	9	none	1
12:40:23	1791376823	v6	8	none	1
12:40:23	1791376823	v7	8	none	1
12:40:24	1791376825	bootstrap	9	none	1
12:40:24	1791376825	v1	8	none	1
12:40:24	1791376825	v2	8	none	1
12:40:24	1791376825	v3	9	none	1
12:40:24	1791376825	v4	9	none	1
12:40:24	1791376825	v5	9	none	1
12:40:24	1791376825	v6	8	none	1
12:40:24	1791376825	v7	8	none	1
12:40:26	1791376826	bootstrap	10	none	1
12:40:26	1791376826	v1	9	none	1
12:40:26	1791376826	v2	10	none	1
12:40:26	1791376826	v3	9	none	1
12:40:26	1791376826	v4	9	none	1
12:40:26	1791376826	v5	9	none	1
12:40:26	1791376826	v6	10	none	1
12:40:26	1791376826	v7	10	none	1
12:40:27	1791376828	bootstrap	10	none	1
12:40:27	1791376828	v1	9	none	1
12:40:27	1791376828	v2	10	none	1
12:40:27	1791376828	v3	9	none	1
12:40:27	1791376828	v4	9	none	1
12:40:27	1791376828	v5	9	none	1
12:40:27	1791376828	v6	10	none	1
12:40:27	1791376828	v7	10	none	1
12:40:29	1791376829	bootstrap	11	none	1
12:40:29	1791376829	v1	10	none	1
12:40:29	1791376829	v2	11	none	1
12:40:29	1791376829	v3	10	none	1
12:40:29	1791376829	v4	10	none	1
12:40:29	1791376829	v5	10	none	1
12:40:29	1791376829	v6	11	none	1
12:40:29	1791376829	v7	11	none	1
12:40:30	1791376831	bootstrap	12	none	1
12:40:30	1791376831	v1	10	none	1
12:40:30	1791376831	v2	11	none	1
12:40:30	1791376831	v3	11	none	1
12:40:30	1791376831	v4	11	none	1
12:40:30	1791376831	v5	10	none	1
12:40:30	1791376831	v6	11	none	1
12:40:30	1791376831	v7	11	none	1
12:40:32	1791376833	bootstrap	13	none	1
12:40:32	1791376833	v1	11	none	1
12:40:32	1791376833	v2	12	none	1
12:40:32	1791376833	v3	11	none	1
12:40:32	1791376833	v4	11	none	1
12:40:32	1791376833	v5	11	none	1
12:40:32	1791376833	v6	12	none	1
12:40:32	1791376833	v7	11	none	1
12:40:34	1791376834	bootstrap	13	none	1
12:40:34	1791376834	v1	12	none	1
12:40:34	1791376834	v2	12	none	1
12:40:34	1791376834	v3	12	none	1
12:40:34	1791376834	v4	12	none	1
12:40:34	1791376834	v5	12	none	1
12:40:34	1791376834	v6	12	none	1
12:40:34	1791376834	v7	12	none	1
12:40:35	1791376836	bootstrap	14	none	1
12:40:35	1791376836	v1	13	none	1
12:40:35	1791376836	v2	13	none	1
12:40:35	1791376836	v3	13	none	1
12:40:35	1791376836	v4	13	none	1
12:40:35	1791376836	v5	12	none	1
12:40:35	1791376836	v6	13	none	1
12:40:35	1791376836	v7	13	none	1
12:40:37	1791376838	bootstrap	14	none	1
12:40:37	1791376838	v1	13	none	1
12:40:37	1791376838	v2	13	none	1
12:40:37	1791376838	v3	13	none	1
12:40:37	1791376838	v4	13	none	1
12:40:37	1791376838	v5	13	none	1
12:40:37	1791376838	v6	13	none	1
12:40:37	1791376838	v7	13	none	1
12:40:39	1791376839	bootstrap	15	none	1
12:40:39	1791376839	v1	14	none	1
12:40:39	1791376839	v2	14	none	1
12:40:39	1791376839	v3	14	none	1
12:40:39	1791376839	v4	14	none	1
12:40:39	1791376839	v5	13	none	1
12:40:39	1791376839	v6	14	none	1
12:40:39	1791376839	v7	14	none	1
12:40:40	1791376841	bootstrap	16	none	1
12:40:40	1791376841	v1	15	none	1
12:40:40	1791376841	v2	15	none	1
12:40:40	1791376841	v3	14	none	1
12:40:40	1791376841	v4	15	none	1
12:40:40	1791376841	v5	14	none	1
12:40:40	1791376841	v6	15	none	1
12:40:40	1791376841	v7	15	none	1
12:40:42	1791376842	bootstrap	17	none	1
12:40:42	1791376842	v1	15	none	1
12:40:42	1791376842	v2	16	none	1
12:40:42	1791376842	v3	15	none	1
12:40:42	1791376842	v4	15	none	1
12:40:42	1791376842	v5	15	none	1
12:40:42	1791376842	v6	16	none	1
12:40:42	1791376842	v7	16	none	1
12:40:44	1791376844	bootstrap	17	none	1
12:40:44	1791376844	v1	15	none	1
12:40:44	1791376844	v2	17	none	1
12:40:44	1791376844	v3	15	none	1
12:40:44	1791376844	v4	15	none	1
12:40:44	1791376844	v5	16	none	1
12:40:44	1791376844	v6	16	none	1
12:40:44	1791376844	v7	16	none	1
12:40:45	1791376846	bootstrap	17	none	1
12:40:45	1791376846	v1	16	none	1
12:40:45	1791376846	v2	17	none	1
12:40:45	1791376846	v3	16	none	1
12:40:45	1791376846	v4	16	none	1
12:40:45	1791376846	v5	16	none	1
12:40:45	1791376846	v6	17	none	1
12:40:45	1791376846	v7	17	none	1
12:40:47	1791376848	bootstrap	17	none	1
12:40:47	1791376848	v1	16	none	1
12:40:47	1791376848	v2	17	none	1
12:40:47	1791376848	v3	16	none	1
12:40:47	1791376848	v4	16	none	1
12:40:47	1791376848	v5	16	none	1
12:40:47	1791376848	v6	17	none	1
12:40:47	1791376848	v7	17	none	1
12:40:49	1791376849	bootstrap	17	none	1
12:40:49	1791376849	v1	17	none	1
12:40:49	1791376849	v2	17	none	1
12:40:49	1791376849	v3	17	none	1
12:40:49	1791376849	v4	17	none	1
12:40:49	1791376849	v5	17	none	1
12:40:49	1791376849	v6	17	none	1
12:40:49	1791376849	v7	17	none	1
12:40:50	1791376851	bootstrap	17	none	1
12:40:50	1791376851	v1	17	none	1
12:40:50	1791376851	v2	17	none	1
12:40:50	1791376851	v3	17	none	1
12:40:50	1791376851	v4	17	none	1
12:40:50	1791376851	v5	17	none	1
12:40:50	1791376851	v6	17	none	1
12:40:50	1791376851	v7	17	none	1
12:40:52	1791376853	bootstrap	17	none	1
12:40:52	1791376853	v1	17	none	1
12:40:52	1791376853	v2	17	none	1
12:40:52	1791376853	v3	17	none	1
12:40:52	1791376853	v4	17	none	1
12:40:52	1791376853	v5	17	none	1
12:40:52	1791376853	v6	17	none	1
12:40:52	1791376853	v7	17	none	1
12:40:54	1791376854	bootstrap	17	none	1
12:40:54	1791376854	v1	17	none	1
12:40:54	1791376854	v2	17	none	1
12:40:54	1791376854	v3	17	none	1
12:40:54	1791376854	v4	17	none	1
12:40:54	1791376854	v5	17	none	1
12:40:54	1791376854	v6	17	none	1
12:40:54	1791376854	v7	17	none	1
12:40:56	1791376856	bootstrap	17	none	1
12:40:56	1791376856	v1	17	none	1
12:40:56	1791376856	v2	17	none	1
12:40:56	1791376856	v3	17	none	1
12:40:56	1791376856	v4	17	none	1
12:40:56	1791376856	v5	17	none	1
12:40:56	1791376856	v6	17	none	1
12:40:56	1791376856	v7	17	none	1
12:40:57	1791376858	bootstrap	17	none	1
12:40:57	1791376858	v1	17	none	1
12:40:57	1791376858	v2	17	none	1
12:40:57	1791376858	v3	17	none	1
12:40:57	1791376858	v4	17	none	1
12:40:57	1791376858	v5	17	none	1
12:40:57	1791376858	v6	17	none	1
12:40:57	1791376858	v7	17	none	1
12:40:59	1791376859	bootstrap	17	none	1
12:40:59	1791376859	v1	17	none	1
12:40:59	1791376859	v2	17	none	1
12:40:59	1791376859	v3	17	none	1
12:40:59	1791376859	v4	17	none	1
12:40:59	1791376859	v5	17	none	1
12:40:59	1791376859	v6	17	none	1
12:40:59	1791376859	v7	17	none	1
12:41:00	1791376861	bootstrap	17	none	1
12:41:00	1791376861	v1	17	none	1
12:41:00	1791376861	v2	17	none	1
12:41:00	1791376861	v3	17	none	1
12:41:00	1791376861	v4	17	none	1
12:41:00	1791376861	v5	17	none	1
12:41:00	1791376861	v6	17	none	1
12:41:00	1791376861	v7	17	none	1
12:41:02	1791376863	bootstrap	17	none	1
12:41:02	1791376863	v1	17	none	1
12:41:02	1791376863	v2	17	none	1
12:41:02	1791376863	v3	17	none	1
12:41:02	1791376863	v4	17	none	1
12:41:02	1791376863	v5	17	none	1
12:41:02	1791376863	v6	17	none	1
12:41:02	1791376863	v7	17	none	1
12:41:04	1791376864	bootstrap	17	none	1
12:41:04	1791376864	v1	17	none	1
12:41:04	1791376864	v2	17	none	1
12:41:04	1791376864	v3	17	none	1
12:41:04	1791376864	v4	17	none	1
12:41:04	1791376864	v5	17	none	1
12:41:04	1791376864	v6	17	none	1
12:41:04	1791376864	v7	17	none	1
12:41:05	1791376866	bootstrap	17	none	1
12:41:05	1791376866	v1	17	none	1
12:41:05	1791376866	v2	17	none	1
12:41:05	1791376866	v3	17	none	1
12:41:05	1791376866	v4	17	none	1
12:41:05	1791376866	v5	17	none	1
12:41:05	1791376866	v6	17	none	1
12:41:05	1791376866	v7	17	none	1
12:41:07	1791376867	bootstrap	17	none	1
12:41:07	1791376867	v1	17	none	1
12:41:07	1791376867	v2	17	none	1
12:41:07	1791376867	v3	17	none	1
12:41:07	1791376867	v4	17	none	1
12:41:07	1791376867	v5	17	none	1
12:41:07	1791376867	v6	17	none	1
12:41:07	1791376867	v7	17	none	1
12:41:09	1791376869	bootstrap	17	none	1
12:41:09	1791376869	v1	17	none	1
12:41:09	1791376869	v2	17	none	1
12:41:09	1791376869	v3	17	none	1
12:41:09	1791376869	v4	17	none	1
12:41:09	1791376869	v5	17	none	1
12:41:09	1791376869	v6	17	none	1
12:41:09	1791376869	v7	17	none	1
12:41:10	1791376871	bootstrap	17	none	1
12:41:10	1791376871	v1	17	none	1
12:41:10	1791376871	v2	17	none	1
12:41:10	1791376871	v3	17	none	1
12:41:10	1791376871	v4	17	none	1
12:41:10	1791376871	v5	17	none	1
12:41:10	1791376871	v6	17	none	1
12:41:10	1791376871	v7	17	none	1
12:41:12	1791376872	bootstrap	17	none	1
12:41:12	1791376872	v1	17	none	1
12:41:12	1791376872	v2	17	none	1
12:41:12	1791376872	v3	17	none	1
12:41:12	1791376872	v4	17	none	1
12:41:12	1791376872	v5	17	none	1
12:41:12	1791376872	v6	17	none	1
12:41:12	1791376872	v7	17	none	1
12:41:13	1791376874	bootstrap	17	none	1
12:41:13	1791376874	v1	17	none	1
12:41:13	1791376874	v2	17	none	1
12:41:13	1791376874	v3	17	none	1
12:41:13	1791376874	v4	17	none	1
12:41:13	1791376874	v5	17	none	1
12:41:13	1791376874	v6	17	none	1
12:41:13	1791376874	v7	17	none	1
12:41:15	1791376875	bootstrap	17	none	1
12:41:15	1791376875	v1	17	none	1
12:41:15	1791376875	v2	17	none	1
12:41:15	1791376875	v3	17	none	1
12:41:15	1791376875	v4	17	none	1
12:41:15	1791376875	v5	17	none	1
12:41:15	1791376875	v6	17	none	1
12:41:15	1791376875	v7	17	none	1
12:41:16	1791376877	bootstrap	17	none	1
12:41:16	1791376877	v1	17	none	1
12:41:16	1791376877	v2	17	none	1
12:41:16	1791376877	v3	17	none	1
12:41:16	1791376877	v4	17	none	1
12:41:16	1791376877	v5	17	none	1
12:41:16	1791376877	v6	17	none	1
12:41:16	1791376877	v7	17	none	1
12:41:18	1791376879	bootstrap	17	none	1
12:41:18	1791376879	v1	17	none	1
12:41:18	1791376879	v2	17	none	1
12:41:18	1791376879	v3	17	none	1
12:41:18	1791376879	v4	17	none	1
12:41:18	1791376879	v5	17	none	1
12:41:18	1791376879	v6	17	none	1
12:41:18	1791376879	v7	17	none	1
12:41:20	1791376880	bootstrap	17	none	1
12:41:20	1791376880	v1	17	none	1
12:41:20	1791376880	v2	17	none	1
12:41:20	1791376880	v3	17	none	1
12:41:20	1791376880	v4	17	none	1
12:41:20	1791376880	v5	17	none	1
12:41:20	1791376880	v6	17	none	1
12:41:20	1791376880	v7	17	none	1
12:41:21	1791376882	bootstrap	17	none	1
12:41:21	1791376882	v1	17	none	1
12:41:21	1791376882	v2	17	none	1
12:41:21	1791376882	v3	17	none	1
12:41:21	1791376882	v4	17	none	1
12:41:21	1791376882	v5	17	none	1
12:41:21	1791376882	v6	17	none	1
12:41:21	1791376882	v7	17	none	1
12:41:23	1791376883	bootstrap	17	none	1
12:41:23	1791376883	v1	17	none	1
12:41:23	1791376883	v2	17	none	1
12:41:23	1791376883	v3	17	none	1
12:41:23	1791376883	v4	17	none	1
12:41:23	1791376883	v5	17	none	1
12:41:23	1791376883	v6	17	none	1
12:41:23	1791376883	v7	17	none	1
12:41:24	1791376885	bootstrap	17	none	1
12:41:24	1791376885	v1	17	none	1
12:41:24	1791376885	v2	17	none	1
12:41:24	1791376885	v3	17	none	1
12:41:24	1791376885	v4	17	none	1
12:41:24	1791376885	v5	17	none	1
12:41:24	1791376885	v6	17	none	1
12:41:24	1791376885	v7	17	none	1
12:41:26	1791376887	bootstrap	17	none	1
12:41:26	1791376887	v1	17	none	1
12:41:26	1791376887	v2	17	none	1
12:41:26	1791376887	v3	17	none	1
12:41:26	1791376887	v4	17	none	1
12:41:26	1791376887	v5	17	none	1
12:41:26	1791376887	v6	17	none	1
12:41:26	1791376887	v7	17	none	1
12:41:28	1791376888	bootstrap	17	none	1
12:41:28	1791376888	v1	17	none	1
12:41:28	1791376888	v2	17	none	1
12:41:28	1791376888	v3	17	none	1
12:41:28	1791376888	v4	17	none	1
12:41:28	1791376888	v5	17	none	1
12:41:28	1791376888	v6	17	none	1
12:41:28	1791376888	v7	17	none	1
12:41:29	1791376890	bootstrap	17	none	1
12:41:29	1791376890	v1	17	none	1
12:41:29	1791376890	v2	17	none	1
12:41:29	1791376890	v3	17	none	1
12:41:29	1791376890	v4	17	none	1
12:41:29	1791376890	v5	17	none	1
12:41:29	1791376890	v6	17	none	1
12:41:29	1791376890	v7	17	none	1
12:41:31	1791376891	bootstrap	17	none	1
12:41:31	1791376891	v1	17	none	1
12:41:31	1791376891	v2	17	none	1
12:41:31	1791376891	v3	17	none	1
12:41:31	1791376891	v4	17	none	1
12:41:31	1791376891	v5	17	none	1
12:41:31	1791376891	v6	17	none	1
12:41:31	1791376891	v7	17	none	1
12:41:32	1791376893	bootstrap	17	none	1
12:41:32	1791376893	v1	17	none	1
12:41:32	1791376893	v2	17	none	1
12:41:32	1791376893	v3	17	none	1
12:41:32	1791376893	v4	17	none	1
12:41:32	1791376893	v5	17	none	1
12:41:32	1791376893	v6	17	none	1
12:41:32	1791376893	v7	17	none	1
12:41:34	1791376894	bootstrap	17	none	1
12:41:34	1791376894	v1	17	none	1
12:41:34	1791376894	v2	17	none	1
12:41:34	1791376894	v3	17	none	1
12:41:34	1791376894	v4	17	none	1
12:41:34	1791376894	v5	17	none	1
12:41:34	1791376894	v6	17	none	1
12:41:34	1791376894	v7	17	none	1
12:41:36	1791376896	bootstrap	17	none	1
12:41:36	1791376896	v1	17	none	1
12:41:36	1791376896	v2	17	none	1
12:41:36	1791376896	v3	17	none	1
12:41:36	1791376896	v4	17	none	1
12:41:36	1791376896	v5	17	none	1
12:41:36	1791376896	v6	17	none	1
12:41:36	1791376896	v7	17	none	1
12:41:37	1791376898	bootstrap	17	none	1
12:41:37	1791376898	v1	17	none	1
12:41:37	1791376898	v2	17	none	1
12:41:37	1791376898	v3	17	none	1
12:41:37	1791376898	v4	17	none	1
12:41:37	1791376898	v5	17	none	1
12:41:37	1791376898	v6	17	none	1
12:41:37	1791376898	v7	17	none	1
12:41:39	1791376899	bootstrap	17	none	1
12:41:39	1791376899	v1	17	none	1
12:41:39	1791376899	v2	17	none	1
12:41:39	1791376899	v3	17	none	1
12:41:39	1791376899	v4	17	none	1
12:41:39	1791376899	v5	17	none	1
12:41:39	1791376899	v6	17	none	1
12:41:39	1791376899	v7	17	none	1
12:41:40	1791376901	bootstrap	17	none	1
12:41:40	1791376901	v1	17	none	1
12:41:40	1791376901	v2	17	none	1
12:41:40	1791376901	v3	17	none	1
12:41:40	1791376901	v4	17	none	1
12:41:40	1791376901	v5	17	none	1
12:41:40	1791376901	v6	17	none	1
12:41:40	1791376901	v7	17	none	1
12:41:42	1791376902	bootstrap	17	none	1
12:41:42	1791376902	v1	17	none	1
12:41:42	1791376902	v2	17	none	1
12:41:42	1791376902	v3	17	none	1
12:41:42	1791376902	v4	17	none	1
12:41:42	1791376902	v5	17	none	1
12:41:42	1791376902	v6	17	none	1
12:41:42	1791376902	v7	17	none	1
12:41:44	1791376904	bootstrap	17	none	1
12:41:44	1791376904	v1	17	none	1
12:41:44	1791376904	v2	17	none	1
12:41:44	1791376904	v3	17	none	1
12:41:44	1791376904	v4	17	none	1
12:41:44	1791376904	v5	17	none	1
12:41:44	1791376904	v6	17	none	1
12:41:44	1791376904	v7	17	none	1
12:41:45	1791376906	bootstrap	17	none	1
12:41:45	1791376906	v1	17	none	1
12:41:45	1791376906	v2	17	none	1
12:41:45	1791376906	v3	17	none	1
12:41:45	1791376906	v4	17	none	1
12:41:45	1791376906	v5	17	none	1
12:41:45	1791376906	v6	17	none	1
12:41:45	1791376906	v7	17	none	1
12:41:47	1791376907	bootstrap	17	none	1
12:41:47	1791376907	v1	17	none	1
12:41:47	1791376907	v2	17	none	1
12:41:47	1791376907	v3	17	none	1
12:41:47	1791376907	v4	17	none	1
12:41:47	1791376907	v5	17	none	1
12:41:47	1791376907	v6	17	none	1
12:41:47	1791376907	v7	17	none	1
12:41:48	1791376909	bootstrap	17	none	1
12:41:48	1791376909	v1	17	none	1
12:41:48	1791376909	v2	17	none	1
12:41:48	1791376909	v3	17	none	1
12:41:48	1791376909	v4	17	none	1
12:41:48	1791376909	v5	17	none	1
12:41:48	1791376909	v6	17	none	1
12:41:48	1791376909	v7	17	none	1
12:41:50	1791376911	bootstrap	17	none	1
12:41:50	1791376911	v1	17	none	1
12:41:50	1791376911	v2	17	none	1
12:41:50	1791376911	v3	17	none	1
12:41:50	1791376911	v4	17	none	1
12:41:50	1791376911	v5	17	none	1
12:41:50	1791376911	v6	17	none	1
12:41:50	1791376911	v7	17	none	1
12:41:52	1791376912	bootstrap	17	none	1
12:41:52	1791376912	v1	17	none	1
12:41:52	1791376912	v2	17	none	1
12:41:52	1791376912	v3	17	none	1
12:41:52	1791376912	v4	17	none	1
12:41:52	1791376912	v5	17	none	1
12:41:52	1791376912	v6	17	none	1
12:41:52	1791376912	v7	17	none	1
12:41:53	1791376914	bootstrap	17	none	1
12:41:53	1791376914	v1	17	none	1
12:41:53	1791376914	v2	17	none	1
12:41:53	1791376914	v3	17	none	1
12:41:53	1791376914	v4	17	none	1
12:41:53	1791376914	v5	17	none	1
12:41:53	1791376914	v6	17	none	1
12:41:53	1791376914	v7	17	none	1
12:41:55	1791376915	bootstrap	17	none	1
12:41:55	1791376915	v1	17	none	1
12:41:55	1791376915	v2	17	none	1
12:41:55	1791376915	v3	17	none	1
12:41:55	1791376915	v4	17	none	1
12:41:55	1791376915	v5	17	none	1
12:41:55	1791376915	v6	17	none	1
12:41:55	1791376915	v7	17	none	1
12:41:56	1791376917	bootstrap	17	none	1
12:41:56	1791376917	v1	17	none	1
12:41:56	1791376917	v2	17	none	1
12:41:56	1791376917	v3	17	none	1
12:41:56	1791376917	v4	17	none	1
12:41:56	1791376917	v5	17	none	1
12:41:56	1791376917	v6	17	none	1
12:41:56	1791376917	v7	17	none	1
12:41:58	1791376919	bootstrap	17	none	1
12:41:58	1791376919	v1	17	none	1
12:41:58	1791376919	v2	17	none	1
12:41:58	1791376919	v3	17	none	1
12:41:58	1791376919	v4	17	none	1
12:41:58	1791376919	v5	17	none	1
12:41:58	1791376919	v6	17	none	1
12:41:58	1791376919	v7	17	none	1
12:42:00	1791376920	bootstrap	17	none	1
12:42:00	1791376920	v1	17	none	1
12:42:00	1791376920	v2	17	none	1
12:42:00	1791376920	v3	17	none	1
12:42:00	1791376920	v4	17	none	1
12:42:00	1791376920	v5	17	none	1
12:42:00	1791376920	v6	17	none	1
12:42:00	1791376920	v7	17	none	1
12:42:01	1791376922	bootstrap	17	none	1
12:42:01	1791376922	v1	17	none	1
12:42:01	1791376922	v2	17	none	1
12:42:01	1791376922	v3	17	none	1
12:42:01	1791376922	v4	17	none	1
12:42:01	1791376922	v5	17	none	1
12:42:01	1791376922	v6	17	none	1
12:42:01	1791376922	v7	17	none	1
12:42:03	1791376923	bootstrap	17	none	1
12:42:03	1791376923	v1	17	none	1
12:42:03	1791376923	v2	17	none	1
12:42:03	1791376923	v3	17	none	1
12:42:03	1791376923	v4	17	none	1
12:42:03	1791376923	v5	17	none	1
12:42:03	1791376923	v6	17	none	1
12:42:03	1791376923	v7	17	none	1
12:42:05	1791376925	bootstrap	17	none	1
12:42:05	1791376925	v1	17	none	1
12:42:05	1791376925	v2	17	none	1
12:42:05	1791376925	v3	17	none	1
12:42:05	1791376925	v4	17	none	1
12:42:05	1791376925	v5	17	none	1
12:42:05	1791376925	v6	17	none	1
12:42:05	1791376925	v7	17	none	1
12:42:06	1791376927	bootstrap	17	none	1
12:42:06	1791376927	v1	17	none	1
12:42:06	1791376927	v2	17	none	1
12:42:06	1791376927	v3	17	none	1
12:42:06	1791376927	v4	17	none	1
12:42:06	1791376927	v5	17	none	1
12:42:06	1791376927	v6	17	none	1
12:42:06	1791376927	v7	17	none	1
12:42:08	1791376928	bootstrap	17	none	1
12:42:08	1791376928	v1	17	none	1
12:42:08	1791376928	v2	17	none	1
12:42:08	1791376928	v3	17	none	1
12:42:08	1791376928	v4	17	none	1
12:42:08	1791376928	v5	17	none	1
12:42:08	1791376928	v6	17	none	1
12:42:08	1791376928	v7	17	none	1
12:42:09	1791376930	bootstrap	17	none	1
12:42:09	1791376930	v1	17	none	1
12:42:09	1791376930	v2	17	none	1
12:42:09	1791376930	v3	17	none	1
12:42:09	1791376930	v4	17	none	1
12:42:09	1791376930	v5	17	none	1
12:42:09	1791376930	v6	17	none	1
12:42:09	1791376930	v7	17	none	1
12:42:11	1791376931	bootstrap	17	none	1
12:42:11	1791376931	v1	17	none	1
12:42:11	1791376931	v2	17	none	1
12:42:11	1791376931	v3	17	none	1
12:42:11	1791376931	v4	17	none	1
12:42:11	1791376931	v5	17	none	1
12:42:11	1791376931	v6	17	none	1
12:42:11	1791376931	v7	17	none	1
12:42:13	1791376933	bootstrap	17	none	1
12:42:13	1791376933	v1	17	none	1
12:42:13	1791376933	v2	17	none	1
12:42:13	1791376933	v3	17	none	1
12:42:13	1791376933	v4	17	none	1
12:42:13	1791376933	v5	17	none	1
12:42:13	1791376933	v6	17	none	1
12:42:13	1791376933	v7	17	none	1
12:42:14	1791376935	bootstrap	17	none	1
12:42:14	1791376935	v1	17	none	1
12:42:14	1791376935	v2	17	none	1
12:42:14	1791376935	v3	17	none	1
12:42:14	1791376935	v4	17	none	1
12:42:14	1791376935	v5	17	none	1
12:42:14	1791376935	v6	17	none	1
12:42:14	1791376935	v7	17	none	1
12:42:16	1791376936	bootstrap	17	none	1
12:42:16	1791376936	v1	17	none	1
12:42:16	1791376936	v2	17	none	1
12:42:16	1791376936	v3	17	none	1
12:42:16	1791376936	v4	17	none	1
12:42:16	1791376936	v5	17	none	1
12:42:16	1791376936	v6	17	none	1
12:42:16	1791376936	v7	17	none	1
12:42:17	1791376938	bootstrap	17	none	1
12:42:17	1791376938	v1	17	none	1
12:42:17	1791376938	v2	17	none	1
12:42:17	1791376938	v3	17	none	1
12:42:17	1791376938	v4	17	none	1
12:42:17	1791376938	v5	17	none	1
12:42:17	1791376938	v6	17	none	1
12:42:17	1791376938	v7	17	none	1
12:42:19	1791376939	bootstrap	17	none	1
12:42:19	1791376939	v1	17	none	1
12:42:19	1791376939	v2	17	none	1
12:42:19	1791376939	v3	17	none	1
12:42:19	1791376939	v4	17	none	1
12:42:19	1791376939	v5	17	none	1
12:42:19	1791376939	v6	17	none	1
12:42:19	1791376939	v7	17	none	1
12:42:21	1791376941	bootstrap	17	none	1
12:42:21	1791376941	v1	17	none	1
12:42:21	1791376941	v2	17	none	1
12:42:21	1791376941	v3	17	none	1
12:42:21	1791376941	v4	17	none	1
12:42:21	1791376941	v5	17	none	1
12:42:21	1791376941	v6	17	none	1
12:42:21	1791376941	v7	17	none	1
12:42:22	1791376943	bootstrap	17	none	1
12:42:22	1791376943	v1	17	none	1
12:42:22	1791376943	v2	17	none	1
12:42:22	1791376943	v3	17	none	1
12:42:22	1791376943	v4	17	none	1
12:42:22	1791376943	v5	17	none	1
12:42:22	1791376943	v6	17	none	1
12:42:22	1791376943	v7	17	none	1
12:42:24	1791376944	bootstrap	17	none	1
12:42:24	1791376944	v1	17	none	1
12:42:24	1791376944	v2	17	none	1
12:42:24	1791376944	v3	17	none	1
12:42:24	1791376944	v4	17	none	1
12:42:24	1791376944	v5	17	none	1
12:42:24	1791376944	v6	17	none	1
12:42:24	1791376944	v7	17	none	1
12:42:25	1791376946	bootstrap	17	none	1
12:42:25	1791376946	v1	17	none	1
12:42:25	1791376946	v2	17	none	1
12:42:25	1791376946	v3	17	none	1
12:42:25	1791376946	v4	17	none	1
12:42:25	1791376946	v5	17	none	1
12:42:25	1791376946	v6	17	none	1
12:42:25	1791376946	v7	17	none	1
12:42:27	1791376947	bootstrap	17	none	1
12:42:27	1791376947	v1	17	none	1
12:42:27	1791376947	v2	17	none	1
12:42:27	1791376947	v3	17	none	1
12:42:27	1791376947	v4	17	none	1
12:42:27	1791376947	v5	17	none	1
12:42:27	1791376947	v6	17	none	1
12:42:27	1791376947	v7	17	none	1
12:42:29	1791376949	bootstrap	17	none	1
12:42:29	1791376949	v1	17	none	1
12:42:29	1791376949	v2	17	none	1
12:42:29	1791376949	v3	17	none	1
12:42:29	1791376949	v4	17	none	1
12:42:29	1791376949	v5	17	none	1
12:42:29	1791376949	v6	17	none	1
12:42:29	1791376949	v7	17	none	1
12:42:30	1791376951	bootstrap	17	none	1
12:42:30	1791376951	v1	17	none	1
12:42:30	1791376951	v2	17	none	1
12:42:30	1791376951	v3	17	none	1
12:42:30	1791376951	v4	17	none	1
12:42:30	1791376951	v5	17	none	1
12:42:30	1791376951	v6	17	none	1
12:42:30	1791376951	v7	17	none	1
12:42:32	1791376952	bootstrap	17	none	1
12:42:32	1791376952	v1	17	none	1
12:42:32	1791376952	v2	17	none	1
12:42:32	1791376952	v3	17	none	1
12:42:32	1791376952	v4	17	none	1
12:42:32	1791376952	v5	17	none	1
12:42:32	1791376952	v6	17	none	1
12:42:32	1791376952	v7	17	none	1
12:42:33	1791376954	bootstrap	17	none	1
12:42:33	1791376954	v1	17	none	1
12:42:33	1791376954	v2	17	none	1
12:42:33	1791376954	v3	17	none	1
12:42:33	1791376954	v4	17	none	1
12:42:33	1791376954	v5	17	none	1
12:42:33	1791376954	v6	17	none	1
12:42:33	1791376954	v7	17	none	1
12:42:35	1791376955	bootstrap	17	none	1
12:42:35	1791376955	v1	17	none	1
12:42:35	1791376955	v2	17	none	1
12:42:35	1791376955	v3	17	none	1
12:42:35	1791376955	v4	17	none	1
12:42:35	1791376955	v5	17	none	1
12:42:35	1791376955	v6	17	none	1
12:42:35	1791376955	v7	17	none	1
12:42:37	1791376957	bootstrap	17	none	1
12:42:37	1791376957	v1	17	none	1
12:42:37	1791376957	v2	17	none	1
12:42:37	1791376957	v3	17	none	1
12:42:37	1791376957	v4	17	none	1
12:42:37	1791376957	v5	17	none	1
12:42:37	1791376957	v6	17	none	1
12:42:37	1791376957	v7	17	none	1
12:42:38	1791376959	bootstrap	17	none	1
12:42:38	1791376959	v1	17	none	1
12:42:38	1791376959	v2	17	none	1
12:42:38	1791376959	v3	17	none	1
12:42:38	1791376959	v4	17	none	1
12:42:38	1791376959	v5	17	none	1
12:42:38	1791376959	v6	17	none	1
12:42:38	1791376959	v7	17	none	1
12:42:40	1791376960	bootstrap	17	none	1
12:42:40	1791376960	v1	17	none	1
12:42:40	1791376960	v2	17	none	1
12:42:40	1791376960	v3	17	none	1
12:42:40	1791376960	v4	17	none	1
12:42:40	1791376960	v5	17	none	1
12:42:40	1791376960	v6	17	none	1
12:42:40	1791376960	v7	17	none	1
12:42:41	1791376962	bootstrap	17	none	1
12:42:41	1791376962	v1	17	none	1
12:42:41	1791376962	v2	17	none	1
12:42:41	1791376962	v3	17	none	1
12:42:41	1791376962	v4	17	none	1
12:42:41	1791376962	v5	17	none	1
12:42:41	1791376962	v6	17	none	1
12:42:41	1791376962	v7	17	none	1
12:42:43	1791376964	bootstrap	17	none	1
12:42:43	1791376964	v1	17	none	1
12:42:43	1791376964	v2	17	none	1
12:42:43	1791376964	v3	17	none	1
12:42:43	1791376964	v4	17	none	1
12:42:43	1791376964	v5	17	none	1
12:42:43	1791376964	v6	17	none	1
12:42:43	1791376964	v7	17	none	1
12:42:45	1791376965	bootstrap	17	none	1
12:42:45	1791376965	v1	17	none	1
12:42:45	1791376965	v2	17	none	1
12:42:45	1791376965	v3	17	none	1
12:42:45	1791376965	v4	17	none	1
12:42:45	1791376965	v5	17	none	1
12:42:45	1791376965	v6	17	none	1
12:42:45	1791376965	v7	17	none	1
12:42:46	1791376967	bootstrap	17	none	1
12:42:46	1791376967	v1	17	none	1
12:42:46	1791376967	v2	17	none	1
12:42:46	1791376967	v3	17	none	1
12:42:46	1791376967	v4	17	none	1
12:42:46	1791376967	v5	17	none	1
12:42:46	1791376967	v6	17	none	1
12:42:46	1791376967	v7	17	none	1
12:42:48	1791376968	bootstrap	17	none	1
12:42:48	1791376968	v1	17	none	1
12:42:48	1791376968	v2	17	none	1
12:42:48	1791376968	v3	17	none	1
12:42:48	1791376968	v4	17	none	1
12:42:48	1791376968	v5	17	none	1
12:42:48	1791376968	v6	17	none	1
12:42:48	1791376968	v7	17	none	1
12:42:50	1791376970	bootstrap	17	none	1
12:42:50	1791376970	v1	17	none	1
12:42:50	1791376970	v2	17	none	1
12:42:50	1791376970	v3	17	none	1
12:42:50	1791376970	v4	17	none	1
12:42:50	1791376970	v5	17	none	1
12:42:50	1791376970	v6	17	none	1
12:42:50	1791376970	v7	17	none	1
12:42:51	1791376972	bootstrap	17	none	1
12:42:51	1791376972	v1	17	none	1
12:42:51	1791376972	v2	17	none	1
12:42:51	1791376972	v3	17	none	1
12:42:51	1791376972	v4	17	none	1
12:42:51	1791376972	v5	17	none	1
12:42:51	1791376972	v6	17	none	1
12:42:51	1791376972	v7	17	none	1
12:42:53	1791376973	bootstrap	17	none	1
12:42:53	1791376973	v1	17	none	1
12:42:53	1791376973	v2	17	none	1
12:42:53	1791376973	v3	17	none	1
12:42:53	1791376973	v4	17	none	1
12:42:53	1791376973	v5	17	none	1
12:42:53	1791376973	v6	17	none	1
12:42:53	1791376973	v7	17	none	1
12:42:54	1791376975	bootstrap	17	none	1
12:42:54	1791376975	v1	17	none	1
12:42:54	1791376975	v2	17	none	1
12:42:54	1791376975	v3	17	none	1
12:42:54	1791376975	v4	17	none	1
12:42:54	1791376975	v5	17	none	1
12:42:54	1791376975	v6	17	none	1
12:42:54	1791376975	v7	17	none	1
12:42:56	1791376976	bootstrap	17	none	1
12:42:56	1791376976	v1	17	none	1
12:42:56	1791376976	v2	17	none	1
12:42:56	1791376976	v3	17	none	1
12:42:56	1791376976	v4	17	none	1
12:42:56	1791376976	v5	17	none	1
12:42:56	1791376976	v6	17	none	1
12:42:56	1791376976	v7	17	none	1
12:42:57	1791376978	bootstrap	17	none	1
12:42:57	1791376978	v1	17	none	1
12:42:57	1791376978	v2	17	none	1
12:42:57	1791376978	v3	17	none	1
12:42:57	1791376978	v4	17	none	1
12:42:57	1791376978	v5	17	none	1
12:42:57	1791376978	v6	17	none	1
12:42:57	1791376978	v7	17	none	1
12:42:59	1791376980	bootstrap	17	none	1
12:42:59	1791376980	v1	17	none	1
12:42:59	1791376980	v2	17	none	1
12:42:59	1791376980	v3	17	none	1
12:42:59	1791376980	v4	17	none	1
12:42:59	1791376980	v5	17	none	1
12:42:59	1791376980	v6	17	none	1
12:42:59	1791376980	v7	17	none	1
12:43:01	1791376981	bootstrap	17	none	1
12:43:01	1791376981	v1	17	none	1
12:43:01	1791376981	v2	17	none	1
12:43:01	1791376981	v3	17	none	1
12:43:01	1791376981	v4	17	none	1
12:43:01	1791376981	v5	17	none	1
12:43:01	1791376981	v6	17	none	1
12:43:01	1791376981	v7	17	none	1
12:43:02	1791376983	bootstrap	17	none	1
12:43:02	1791376983	v1	17	none	1
12:43:02	1791376983	v2	17	none	1
12:43:02	1791376983	v3	17	none	1
12:43:02	1791376983	v4	17	none	1
12:43:02	1791376983	v5	17	none	1
12:43:02	1791376983	v6	17	none	1
12:43:02	1791376983	v7	17	none	1
12:43:04	1791376984	bootstrap	17	none	1
12:43:04	1791376984	v1	17	none	1
12:43:04	1791376984	v2	17	none	1
12:43:04	1791376984	v3	17	none	1
12:43:04	1791376984	v4	17	none	1
12:43:04	1791376984	v5	17	none	1
12:43:04	1791376984	v6	17	none	1
12:43:04	1791376984	v7	17	none	1
12:43:05	1791376986	bootstrap	17	none	1
12:43:05	1791376986	v1	17	none	1
12:43:05	1791376986	v2	17	none	1
12:43:05	1791376986	v3	17	none	1
12:43:05	1791376986	v4	17	none	1
12:43:05	1791376986	v5	17	none	1
12:43:05	1791376986	v6	17	none	1
12:43:05	1791376986	v7	17	none	1
12:43:07	1791376988	bootstrap	17	none	1
12:43:07	1791376988	v1	17	none	1
12:43:07	1791376988	v2	17	none	1
12:43:07	1791376988	v3	17	none	1
12:43:07	1791376988	v4	17	none	1
12:43:07	1791376988	v5	17	none	1
12:43:07	1791376988	v6	17	none	1
12:43:07	1791376988	v7	17	none	1
12:43:09	1791376989	bootstrap	17	none	1
12:43:09	1791376989	v1	17	none	1
12:43:09	1791376989	v2	17	none	1
12:43:09	1791376989	v3	17	none	1
12:43:09	1791376989	v4	17	none	1
12:43:09	1791376989	v5	17	none	1
12:43:09	1791376989	v6	17	none	1
12:43:09	1791376989	v7	17	none	1
12:43:10	1791376991	bootstrap	17	none	1
12:43:10	1791376991	v1	17	none	1
12:43:10	1791376991	v2	17	none	1
12:43:10	1791376991	v3	17	none	1
12:43:10	1791376991	v4	17	none	1
12:43:10	1791376991	v5	17	none	1
12:43:10	1791376991	v6	17	none	1
12:43:10	1791376991	v7	17	none	1
12:43:12	1791376992	bootstrap	17	none	1
12:43:12	1791376992	v1	17	none	1
12:43:12	1791376992	v2	17	none	1
12:43:12	1791376992	v3	17	none	1
12:43:12	1791376992	v4	17	none	1
12:43:12	1791376992	v5	17	none	1
12:43:12	1791376992	v6	17	none	1
12:43:12	1791376992	v7	17	none	1
12:43:14	1791376994	bootstrap	17	none	1
12:43:14	1791376994	v1	17	none	1
12:43:14	1791376994	v2	17	none	1
12:43:14	1791376994	v3	17	none	1
12:43:14	1791376994	v4	17	none	1
12:43:14	1791376994	v5	17	none	1
12:43:14	1791376994	v6	17	none	1
12:43:14	1791376994	v7	17	none	1
12:43:15	1791376996	bootstrap	17	none	1
12:43:15	1791376996	v1	17	none	1
12:43:15	1791376996	v2	17	none	1
12:43:15	1791376996	v3	17	none	1
12:43:15	1791376996	v4	17	none	1
12:43:15	1791376996	v5	17	none	1
12:43:15	1791376996	v6	17	none	1
12:43:15	1791376996	v7	17	none	1
