height	block	justification
105	ae973c3c006a5ada36eff70254e5ff675007d254331dc4610c5054d49eddc9e8	0723f71f2849c983031f5b9cf9fc6c4fa682084c35ae6065912b0000c52dce0b
105	ae973c3c006a5ada36eff70254e5ff675007d254331dc4610c5054d49eddc9e8	092813d9357682bacf9a5571051b880b49a25e6c5c88b8a8f2396f5b9be939ae
105	ae973c3c006a5ada36eff70254e5ff675007d254331dc4610c5054d49eddc9e8	7b2705213d4afea0c15323092bce854554b07e1f31da23d3030154ab72c45472
105	ae973c3c006a5ada36eff70254e5ff675007d254331dc4610c5054d49eddc9e8	f6cff11557cb90ba954e6482ebcb75cba9733b98a61cf9c35bafcd800d79c6b5
104	0723f71f2849c983031f5b9cf9fc6c4fa682084c35ae6065912b0000c52dce0b	092813d9357682bacf9a5571051b880b49a25e6c5c88b8a8f2396f5b9be939ae
104	0723f71f2849c983031f5b9cf9fc6c4fa682084c35ae6065912b0000c52dce0b	1dc55474d997411a0ecef99bf0657678fd55749698d721cd5709d1ea0be667d8
104	0723f71f2849c983031f5b9cf9fc6c4fa682084c35ae6065912b0000c52dce0b	7b2705213d4afea0c15323092bce854554b07e1f31da23d3030154ab72c45472
104	0723f71f2849c983031f5b9cf9fc6c4fa682084c35ae6065912b0000c52dce0b	f6cff11557cb90ba954e6482ebcb75cba9733b98a61cf9c35bafcd800d79c6b5
103	092813d9357682bacf9a5571051b880b49a25e6c5c88b8a8f2396f5b9be939ae	2f46520fd9798482b07069466cb4680d003808ef4c33fe1b640f178cc2b5153e
103	092813d9357682bacf9a5571051b880b49a25e6c5c88b8a8f2396f5b9be939ae	66582ca73501a896e04fd65ab54c06deb50719165e5b1837751b447bf7e94523
103	092813d9357682bacf9a5571051b880b49a25e6c5c88b8a8f2396f5b9be939ae	e587ef996fdbc840e026e09d1d6d095c47ba50befe3dc277010a3194b4fd2fcd
103	092813d9357682bacf9a5571051b880b49a25e6c5c88b8a8f2396f5b9be939ae	ff8bba262d8965314412595877d86bf6e1b14f4c6e437a5ca62847d790c14ba2
103	7b2705213d4afea0c15323092bce854554b07e1f31da23d3030154ab72c45472	2f46520fd9798482b07069466cb4680d003808ef4c33fe1b640f178cc2b5153e
103	7b2705213d4afea0c15323092bce854554b07e1f31da23d3030154ab72c45472	66582ca73501a896e04fd65ab54c06deb50719165e5b1837751b447bf7e94523
103	7b2705213d4afea0c15323092bce854554b07e1f31da23d3030154ab72c45472	e587ef996fdbc840e026e09d1d6d095c47ba50befe3dc277010a3194b4fd2fcd
103	7b2705213d4afea0c15323092bce854554b07e1f31da23d3030154ab72c45472	ff8bba262d8965314412595877d86bf6e1b14f4c6e437a5ca62847d790c14ba2
103	f6cff11557cb90ba954e6482ebcb75cba9733b98a61cf9c35bafcd800d79c6b5	2f46520fd9798482b07069466cb4680d003808ef4c33fe1b640f178cc2b5153e
103	f6cff11557cb90ba954e6482ebcb75cba9733b98a61cf9c35bafcd800d79c6b5	66582ca73501a896e04fd65ab54c06deb50719165e5b1837751b447bf7e94523
103	f6cff11557cb90ba954e6482ebcb75cba9733b98a61cf9c35bafcd800d79c6b5	e587ef996fdbc840e026e09d1d6d095c47ba50befe3dc277010a3194b4fd2fcd
103	f6cff11557cb90ba954e6482ebcb75cba9733b98a61cf9c35bafcd800d79c6b5	ff8bba262d8965314412595877d86bf6e1b14f4c6e437a5ca62847d790c14ba2
103	1dc55474d997411a0ecef99bf0657678fd55749698d721cd5709d1ea0be667d8	2f46520fd9798482b07069466cb4680d003808ef4c33fe1b640f178cc2b5153e
103	1dc55474d997411a0ecef99bf0657678fd55749698d721cd5709d1ea0be667d8	66582ca73501a896e04fd65ab54c06deb50719165e5b1837751b447bf7e94523
103	1dc55474d997411a0ecef99bf0657678fd55749698d721cd5709d1ea0be667d8	e587ef996fdbc840e026e09d1d6d095c47ba50befe3dc277010a3194b4fd2fcd
103	1dc55474d997411a0ecef99bf0657678fd55749698d721cd5709d1ea0be667d8	ff8bba262d8965314412595877d86bf6e1b14f4c6e437a5ca62847d790c14ba2
102	2f46520fd9798482b07069466cb4680d003808ef4c33fe1b640f178cc2b5153e	6e4f0d958bd21721f6ef3a4596ef3f1178dcb8e085d38573ec1860f419512cd9
102	2f46520fd9798482b07069466cb4680d003808ef4c33fe1b640f178cc2b5153e	be5a9f0f404af493c2b5ba7211effa31191b7b60783438c881be67fa3afa68d6
102	2f46520fd9798482b07069466cb4680d003808ef4c33fe1b640f178cc2b5153e	dd3853c1e17ff67ee3fe2c0d212c66eb4055a78d9f06f2e59d29273f93246bc3
102	2f46520fd9798482b07069466cb4680d003808ef4c33fe1b640f178cc2b5153e	e3a8e5fcf4b30c47cbede2fb1f4023861a0aa24e28a0e52233edf1431ad4f7f3
102	66582ca73501a896e04fd65ab54c06deb50719165e5b1837751b447bf7e94523	6e4f0d958bd21721f6ef3a4596ef3f1178dcb8e085d38573ec1860f419512cd9
102	66582ca73501a896e04fd65ab54c06deb50719165e5b1837751b447bf7e94523	be5a9f0f404af493c2b5ba7211effa31191b7b60783438c881be67fa3afa68d6
102	66582ca73501a896e04fd65ab54c06deb50719165e5b1837751b447bf7e94523	dd3853c1e17ff67ee3fe2c0d212c66eb4055a78d9f06f2e59d29273f93246bc3
102	66582ca73501a896e04fd65ab54c06deb50719165e5b1837751b447bf7e94523	e3a8e5fcf4b30c47cbede2fb1f4023861a0aa24e28a0e52233edf1431ad4f7f3
102	e587ef996fdbc840e026e09d1d6d095c47ba50befe3dc277010a3194b4fd2fcd	6e4f0d958bd21721f6ef3a4596ef3f1178dcb8e085d38573ec1860f419512cd9
102	e587ef996fdbc840e026e09d1d6d095c47ba50befe3dc277010a3194b4fd2fcd	be5a9f0f404af493c2b5ba7211effa31191b7b60783438c881be67fa3afa68d6
102	e587ef996fdbc840e026e09d1d6d095c47ba50befe3dc277010a3194b4fd2fcd	dd3853c1e17ff67ee3fe2c0d212c66eb4055a78d9f06f2e59d29273f93246bc3
102	e587ef996fdbc840e026e09d1d6d095c47ba50befe3dc277010a3194b4fd2fcd	e3a8e5fcf4b30c47cbede2fb1f4023861a0aa24e28a0e52233edf1431ad4f7f3
102	ff8bba262d8965314412595877d86bf6e1b14f4c6e437a5ca62847d790c14ba2	6e4f0d958bd21721f6ef3a4596ef3f1178dcb8e085d38573ec1860f419512cd9
102	ff8bba262d8965314412595877d86bf6e1b14f4c6e437a5ca62847d790c14ba2	be5a9f0f404af493c2b5ba7211effa31191b7b60783438c881be67fa3afa68d6
102	ff8bba262d8965314412595877d86bf6e1b14f4c6e437a5ca62847d790c14ba2	dd3853c1e17ff67ee3fe2c0d212c66eb4055a78d9f06f2e59d29273f93246bc3
102	ff8bba262d8965314412595877d86bf6e1b14f4c6e437a5ca62847d790c14ba2	e3a8e5fcf4b30c47cbede2fb1f4023861a0aa24e28a0e52233edf1431ad4f7f3
101	6e4f0d958bd21721f6ef3a4596ef3f1178dcb8e085d38573ec1860f419512cd9	357b06f84bd79147d72a4e0bf907aa6dd2899da7602e8e1e50b8ffb3e63f4918
101	6e4f0d958bd21721f6ef3a4596ef3f1178dcb8e085d38573ec1860f419512cd9	3cc759f658b610a98405c7139fe97f1d08887448cc8bc9e36a8148fdc4578885
101	6e4f0d958bd21721f6ef3a4596ef3f1178dcb8e085d38573ec1860f419512cd9	4b934ceb2996b4e013f985543b5c4a4f268b733bd94babd28813d9fafe17f653
101	6e4f0d958bd21721f6ef3a4596ef3f1178dcb8e085d38573ec1860f419512cd9	c2b9773003481901d6820abbca2a659d6a930ce2644a05e319af3dc10957f8ca
101	be5a9f0f404af493c2b5ba7211effa31191b7b60783438c881be67fa3afa68d6	357b06f84bd79147d72a4e0bf907aa6dd2899da7602e8e1e50b8ffb3e63f4918
101	be5a9f0f404af493c2b5ba7211effa31191b7b60783438c881be67fa3afa68d6	3cc759f658b610a98405c7139fe97f1d08887448cc8bc9e36a8148fdc4578885
101	be5a9f0f404af493c2b5ba7211effa31191b7b60783438c881be67fa3afa68d6	4b934ceb2996b4e013f985543b5c4a4f268b733bd94babd28813d9fafe17f653
101	be5a9f0f404af493c2b5ba7211effa31191b7b60783438c881be67fa3afa68d6	c2b9773003481901d6820abbca2a659d6a930ce2644a05e319af3dc10957f8ca
101	dd3853c1e17ff67ee3fe2c0d212c66eb4055a78d9f06f2e59d29273f93246bc3	357b06f84bd79147d72a4e0bf907aa6dd2899da7602e8e1e50b8ffb3e63f4918
101	dd3853c1e17ff67ee3fe2c0d212c66eb4055a78d9f06f2e59d29273f93246bc3	3cc759f658b610a98405c7139fe97f1d08887448cc8bc9e36a8148fdc4578885
101	dd3853c1e17ff67ee3fe2c0d212c66eb4055a78d9f06f2e59d29273f93246bc3	4b934ceb2996b4e013f985543b5c4a4f268b733bd94babd28813d9fafe17f653
101	dd3853c1e17ff67ee3fe2c0d212c66eb4055a78d9f06f2e59d29273f93246bc3	c2b9773003481901d6820abbca2a659d6a930ce2644a05e319af3dc10957f8ca
101	e3a8e5fcf4b30c47cbede2fb1f4023861a0aa24e28a0e52233edf1431ad4f7f3	357b06f84bd79147d72a4e0bf907aa6dd2899da7602e8e1e50b8ffb3e63f4918
101	e3a8e5fcf4b30c47cbede2fb1f4023861a0aa24e28a0e52233edf1431ad4f7f3	3cc759f658b610a98405c7139fe97f1d08887448cc8bc9e36a8148fdc4578885
101	e3a8e5fcf4b30c47cbede2fb1f4023861a0aa24e28a0e52233edf1431ad4f7f3	4b934ceb2996b4e013f985543b5c4a4f268b733bd94babd28813d9fafe17f653
101	e3a8e5fcf4b30c47cbede2fb1f4023861a0aa24e28a0e52233edf1431ad4f7f3	c2b9773003481901d6820abbca2a659d6a930ce2644a05e319af3dc10957f8ca
100	357b06f84bd79147d72a4e0bf907aa6dd2899da7602e8e1e50b8ffb3e63f4918	020d64ce4cbc0d5e644bfa2c7b273be8ff0532041599cd9b298e6aeaa41c85b1
100	357b06f84bd79147d72a4e0bf907aa6dd2899da7602e8e1e50b8ffb3e63f4918	31887a8d5a05823e34670a332fac13c7207bb94c060a1dc55270ef716484c9d8
100	357b06f84bd79147d72a4e0bf907aa6dd2899da7602e8e1e50b8ffb3e63f4918	89281343dcef70e99e4b161cf877fa68c934f48c2d21b01d78ddb85a320bd4c9
100	357b06f84bd79147d72a4e0bf907aa6dd2899da7602e8e1e50b8ffb3e63f4918	dd24224798ad7316ec29c9184d8dd88dacd487b04fa0a8096698ac9bed76aea0
100	3cc759f658b610a98405c7139fe97f1d08887448cc8bc9e36a8148fdc4578885	020d64ce4cbc0d5e644bfa2c7b273be8ff0532041599cd9b298e6aeaa41c85b1
100	3cc759f658b610a98405c7139fe97f1d08887448cc8bc9e36a8148fdc4578885	31887a8d5a05823e34670a332fac13c7207bb94c060a1dc55270ef716484c9d8
100	3cc759f658b610a98405c7139fe97f1d08887448cc8bc9e36a8148fdc4578885	89281343dcef70e99e4b161cf877fa68c934f48c2d21b01d78ddb85a320bd4c9
100	3cc759f658b610a98405c7139fe97f1d08887448cc8bc9e36a8148fdc4578885	dd24224798ad7316ec29c9184d8dd88dacd487b04fa0a8096698ac9bed76aea0
100	4b934ceb2996b4e013f985543b5c4a4f268b733bd94babd28813d9fafe17f653	020d64ce4cbc0d5e644bfa2c7b273be8ff0532041599cd9b298e6aeaa41c85b1
100	4b934ceb2996b4e013f985543b5c4a4f268b733bd94babd28813d9fafe17f653	31887a8d5a05823e34670a332fac13c7207bb94c060a1dc55270ef716484c9d8
100	4b934ceb2996b4e013f985543b5c4a4f268b733bd94babd28813d9fafe17f653	89281343dcef70e99e4b161cf877fa68c934f48c2d21b01d78ddb85a320bd4c9
100	4b934ceb2996b4e013f985543b5c4a4f268b733bd94babd28813d9fafe17f653	dd24224798ad7316ec29c9184d8dd88dacd487b04fa0a8096698ac9bed76aea0
100	c2b9773003481901d6820abbca2a659d6a930ce2644a05e319af3dc10957f8ca	020d64ce4cbc0d5e644bfa2c7b273be8ff0532041599cd9b298e6aeaa41c85b1
100	c2b9773003481901d6820abbca2a659d6a930ce2644a05e319af3dc10957f8ca	31887a8d5a05823e34670a332fac13c7207bb94c060a1dc55270ef716484c9d8
100	c2b9773003481901d6820abbca2a659d6a930ce2644a05e319af3dc10957f8ca	89281343dcef70e99e4b161cf877fa68c934f48c2d21b01d78ddb85a320bd4c9
100	c2b9773003481901d6820abbca2a659d6a930ce2644a05e319af3dc10957f8ca	dd24224798ad7316ec29c9184d8dd88dacd487b04fa0a8096698ac9bed76aea0
99	020d64ce4cbc0d5e644bfa2c7b273be8ff0532041599cd9b298e6aeaa41c85b1	6b81417bfc3db2648f9c755d46818b3bf0644d692bd225bb2a7020ed18cdf7b5
99	020d64ce4cbc0d5e644bfa2c7b273be8ff0532041599cd9b298e6aeaa41c85b1	9ccc81b184114491ab17360b8843a49bd5a0272b060c6d5c0ef8fe6dbc60a1e2
99	020d64ce4cbc0d5e644bfa2c7b273be8ff0532041599cd9b298e6aeaa41c85b1	c84b2ad7538f2f53fd606277497c2da0103974a8c253f92c328e221301bf2da9
99	020d64ce4cbc0d5e644bfa2c7b273be8ff0532041599cd9b298e6aeaa41c85b1	e19fb066510c9427a7688dbb5a08b486a4028b457dc3611c39d894c3d038faec
99	31887a8d5a05823e34670a332fac13c7207bb94c060a1dc55270ef716484c9d8	6b81417bfc3db2648f9c755d46818b3bf0644d692bd225bb2a7020ed18cdf7b5
99	31887a8d5a05823e34670a332fac13c7207bb94c060a1dc55270ef716484c9d8	9ccc81b184114491ab17360b8843a49bd5a0272b060c6d5c0ef8fe6dbc60a1e2
99	31887a8d5a05823e34670a332fac13c7207bb94c060a1dc55270ef716484c9d8	c84b2ad7538f2f53fd606277497c2da0103974a8c253f92c328e221301bf2da9
99	31887a8d5a05823e34670a332fac13c7207bb94c060a1dc55270ef716484c9d8	e19fb066510c9427a7688dbb5a08b486a4028b457dc3611c39d894c3d038faec
99	89281343dcef70e99e4b161cf877fa68c934f48c2d21b01d78ddb85a320bd4c9	6b81417bfc3db2648f9c755d46818b3bf0644d692bd225bb2a7020ed18cdf7b5
99	89281343dcef70e99e4b161cf877fa68c934f48c2d21b01d78ddb85a320bd4c9	9ccc81b184114491ab17360b8843a49bd5a0272b060c6d5c0ef8fe6dbc60a1e2
99	89281343dcef70e99e4b161cf877fa68c934f48c2d21b01d78ddb85a320bd4c9	c84b2ad7538f2f53fd606277497c2da0103974a8c253f92c328e221301bf2da9
99	89281343dcef70e99e4b161cf877fa68c934f48c2d21b01d78ddb85a320bd4c9	e19fb066510c9427a7688dbb5a08b486a4028b457dc3611c39d894c3d038faec
99	dd24224798ad7316ec29c9184d8dd88dacd487b04fa0a8096698ac9bed76aea0	6b81417bfc3db2648f9c755d46818b3bf0644d692bd225bb2a7020ed18cdf7b5
99	dd24224798ad7316ec29c9184d8dd88dacd487b04fa0a8096698ac9bed76aea0	9ccc81b184114491ab17360b8843a49bd5a0272b060c6d5c0ef8fe6dbc60a1e2
99	dd24224798ad7316ec29c9184d8dd88dacd487b04fa0a8096698ac9bed76aea0	c84b2ad7538f2f53fd606277497c2da0103974a8c253f92c328e221301bf2da9
99	dd24224798ad7316ec29c9184d8dd88dacd487b04fa0a8096698ac9bed76aea0	e19fb066510c9427a7688dbb5a08b486a4028b457dc3611c39d894c3d038faec
98	6b81417bfc3db2648f9c755d46818b3bf0644d692bd225bb2a7020ed18cdf7b5	070e262d07b3e0a7ad787791d039fbfbbf4269e916977a79ab5addc5d327ac2c
98	6b81417bfc3db2648f9c755d46818b3bf0644d692bd225bb2a7020ed18cdf7b5	4b27c28fc2b11a6f8bb11e44a12a2de3a2b6f95cc9d21fadc0e5be7360568dfc
98	6b81417bfc3db2648f9c755d46818b3bf0644d692bd225bb2a7020ed18cdf7b5	4c4f0a039496576e3abd8db9113369ea8cb8262001c22bd6b06364bf3b57b9b3
98	6b81417bfc3db2648f9c755d46818b3bf0644d692bd225bb2a7020ed18cdf7b5	bb05dbcd39a71084263dd40232589253f01fd22f9a3192f89f4c880a77af417d
98	9ccc81b184114491ab17360b8843a49bd5a0272b060c6d5c0ef8fe6dbc60a1e2	070e262d07b3e0a7ad787791d039fbfbbf4269e916977a79ab5addc5d327ac2c
98	9ccc81b184114491ab17360b8843a49bd5a0272b060c6d5c0ef8fe6dbc60a1e2	4b27c28fc2b11a6f8bb11e44a12a2de3a2b6f95cc9d21fadc0e5be7360568dfc
98	9ccc81b184114491ab17360b8843a49bd5a0272b060c6d5c0ef8fe6dbc60a1e2	4c4f0a039496576e3abd8db9113369ea8cb8262001c22bd6b06364bf3b57b9b3
98	9ccc81b184114491ab17360b8843a49bd5a0272b060c6d5c0ef8fe6dbc60a1e2	bb05dbcd39a71084263dd40232589253f01fd22f9a3192f89f4c880a77af417d
98	c84b2ad7538f2f53fd606277497c2da0103974a8c253f92c328e221301bf2da9	070e262d07b3e0a7ad787791d039fbfbbf4269e916977a79ab5addc5d327ac2c
98	c84b2ad7538f2f53fd606277497c2da0103974a8c253f92c328e221301bf2da9	4b27c28fc2b11a6f8bb11e44a12a2de3a2b6f95cc9d21fadc0e5be7360568dfc
98	c84b2ad7538f2f53fd606277497c2da0103974a8c253f92c328e221301bf2da9	4c4f0a039496576e3abd8db9113369ea8cb8262001c22bd6b06364bf3b57b9b3
98	c84b2ad7538f2f53fd606277497c2da0103974a8c253f92c328e221301bf2da9	bb05dbcd39a71084263dd40232589253f01fd22f9a3192f89f4c880a77af417d
98	e19fb066510c9427a7688dbb5a08b486a4028b457dc3611c39d894c3d038faec	070e262d07b3e0a7ad787791d039fbfbbf4269e916977a79ab5addc5d327ac2c
98	e19fb066510c9427a7688dbb5a08b486a4028b457dc3611c39d894c3d038faec	4b27c28fc2b11a6f8bb11e44a12a2de3a2b6f95cc9d21fadc0e5be7360568dfc
98	e19fb066510c9427a7688dbb5a08b486a4028b457dc3611c39d894c3d038faec	4c4f0a039496576e3abd8db9113369ea8cb8262001c22bd6b06364bf3b57b9b3
98	e19fb066510c9427a7688dbb5a08b486a4028b457dc3611c39d894c3d038faec	bb05dbcd39a71084263dd40232589253f01fd22f9a3192f89f4c880a77af417d
97	070e262d07b3e0a7ad787791d039fbfbbf4269e916977a79ab5addc5d327ac2c	1bc2fccef2bc7bb3497477abf4d8db6266b8775d79c7b23fa28dde3226b255e9
97	070e262d07b3e0a7ad787791d039fbfbbf4269e916977a79ab5addc5d327ac2c	381f76cc3f01645b931c90fd83fcdef4eb043cf11d389f95d188bcc2030c91f9
97	070e262d07b3e0a7ad787791d039fbfbbf4269e916977a79ab5addc5d327ac2c	966adfe7271f1fc4821eaab4e8e898c6180d7c1013b394d5b2bc089c47a18077
97	070e262d07b3e0a7ad787791d039fbfbbf4269e916977a79ab5addc5d327ac2c	9c48845d0e155cd74dbd231f1bb65d6086a75f2af758b5f544f966f9fc2afff5
97	4b27c28fc2b11a6f8bb11e44a12a2de3a2b6f95cc9d21fadc0e5be7360568dfc	1bc2fccef2bc7bb3497477abf4d8db6266b8775d79c7b23fa28dde3226b255e9
97	4b27c28fc2b11a6f8bb11e44a12a2de3a2b6f95cc9d21fadc0e5be7360568dfc	381f76cc3f01645b931c90fd83fcdef4eb043cf11d389f95d188bcc2030c91f9
97	4b27c28fc2b11a6f8bb11e44a12a2de3a2b6f95cc9d21fadc0e5be7360568dfc	966adfe7271f1fc4821eaab4e8e898c6180d7c1013b394d5b2bc089c47a18077
97	4b27c28fc2b11a6f8bb11e44a12a2de3a2b6f95cc9d21fadc0e5be7360568dfc	9c48845d0e155cd74dbd231f1bb65d6086a75f2af758b5f544f966f9fc2afff5
97	4c4f0a039496576e3abd8db9113369ea8cb8262001c22bd6b06364bf3b57b9b3	1bc2fccef2bc7bb3497477abf4d8db6266b8775d79c7b23fa28dde3226b255e9
97	4c4f0a039496576e3abd8db9113369ea8cb8262001c22bd6b06364bf3b57b9b3	381f76cc3f01645b931c90fd83fcdef4eb043cf11d389f95d188bcc2030c91f9
97	4c4f0a039496576e3abd8db9113369ea8cb8262001c22bd6b06364bf3b57b9b3	966adfe7271f1fc4821eaab4e8e898c6180d7c1013b394d5b2bc089c47a18077
97	4c4f0a039496576e3abd8db9113369ea8cb8262001c22bd6b06364bf3b57b9b3	9c48845d0e155cd74dbd231f1bb65d6086a75f2af758b5f544f966f9fc2afff5
97	bb05dbcd39a71084263dd40232589253f01fd22f9a3192f89f4c880a77af417d	1bc2fccef2bc7bb3497477abf4d8db6266b8775d79c7b23fa28dde3226b255e9
97	bb05dbcd39a71084263dd40232589253f01fd22f9a3192f89f4c880a77af417d	381f76cc3f01645b931c90fd83fcdef4eb043cf11d389f95d188bcc2030c91f9
97	bb05dbcd39a71084263dd40232589253f01fd22f9a3192f89f4c880a77af417d	966adfe7271f1fc4821eaab4e8e898c6180d7c1013b394d5b2bc089c47a18077
97	bb05dbcd39a71084263dd40232589253f01fd22f9a3192f89f4c880a77af417d	9c48845d0e155cd74dbd231f1bb65d6086a75f2af758b5f544f966f9fc2afff5
96	1bc2fccef2bc7bb3497477abf4d8db6266b8775d79c7b23fa28dde3226b255e9	27cfefe3fcd0c96b343f8e89b4c71f655d5e3418afb0795ae38129e45d63e50e
96	1bc2fccef2bc7bb3497477abf4d8db6266b8775d79c7b23fa28dde3226b255e9	4ec82af2d10033ba5b67fcab4d4db0c9d0660e819f034160d72cd737de8a243a
96	1bc2fccef2bc7bb3497477abf4d8db6266b8775d79c7b23fa28dde3226b255e9	7059d25bd8978b3b04967b4ecb8dba3974a48b0532c1cad06769313300be9b74
96	1bc2fccef2bc7bb3497477abf4d8db6266b8775d79c7b23fa28dde3226b255e9	d2b48c99d2f5a5a37d65591bae256213a33925ce7b19eadd9e383e0d1e342b20
96	381f76cc3f01645b931c90fd83fcdef4eb043cf11d389f95d188bcc2030c91f9	27cfefe3fcd0c96b343f8e89b4c71f655d5e3418afb0795ae38129e45d63e50e
96	381f76cc3f01645b931c90fd83fcdef4eb043cf11d389f95d188bcc2030c91f9	4ec82af2d10033ba5b67fcab4d4db0c9d0660e819f034160d72cd737de8a243a
96	381f76cc3f01645b931c90fd83fcdef4eb043cf11d389f95d188bcc2030c91f9	7059d25bd8978b3b04967b4ecb8dba3974a48b0532c1cad06769313300be9b74
96	381f76cc3f01645b931c90fd83fcdef4eb043cf11d389f95d188bcc2030c91f9	d2b48c99d2f5a5a37d65591bae256213a33925ce7b19eadd9e383e0d1e342b20
96	966adfe7271f1fc4821eaab4e8e898c6180d7c1013b394d5b2bc089c47a18077	27cfefe3fcd0c96b343f8e89b4c71f655d5e3418afb0795ae38129e45d63e50e
96	966adfe7271f1fc4821eaab4e8e898c6180d7c1013b394d5b2bc089c47a18077	4ec82af2d10033ba5b67fcab4d4db0c9d0660e819f034160d72cd737de8a243a
96	966adfe7271f1fc4821eaab4e8e898c6180d7c1013b394d5b2bc089c47a18077	7059d25bd8978b3b04967b4ecb8dba3974a48b0532c1cad06769313300be9b74
96	966adfe7271f1fc4821eaab4e8e898c6180d7c1013b394d5b2bc089c47a18077	d2b48c99d2f5a5a37d65591bae256213a33925ce7b19eadd9e383e0d1e342b20
96	9c48845d0e155cd74dbd231f1bb65d6086a75f2af758b5f544f966f9fc2afff5	27cfefe3fcd0c96b343f8e89b4c71f655d5e3418afb0795ae38129e45d63e50e
96	9c48845d0e155cd74dbd231f1bb65d6086a75f2af758b5f544f966f9fc2afff5	4ec82af2d10033ba5b67fcab4d4db0c9d0660e819f034160d72cd737de8a243a
96	9c48845d0e155cd74dbd231f1bb65d6086a75f2af758b5f544f966f9fc2afff5	7059d25bd8978b3b04967b4ecb8dba3974a48b0532c1cad06769313300be9b74
96	9c48845d0e155cd74dbd231f1bb65d6086a75f2af758b5f544f966f9fc2afff5	d2b48c99d2f5a5a37d65591bae256213a33925ce7b19eadd9e383e0d1e342b20
95	27cfefe3fcd0c96b343f8e89b4c71f655d5e3418afb0795ae38129e45d63e50e	2794855994fa00946f060b1ff810c0e5773230f1486b501724a2d9d055c357d3
95	27cfefe3fcd0c96b343f8e89b4c71f655d5e3418afb0795ae38129e45d63e50e	27fdd88c2cb708c881a883638065c0ec327c411ad280403b6fb6355b54831ee1
95	27cfefe3fcd0c96b343f8e89b4c71f655d5e3418afb0795ae38129e45d63e50e	282591ede058a3a0086d9fb1e989a9732fd9c6477f9cc746386fe170e0e4d73c
95	27cfefe3fcd0c96b343f8e89b4c71f655d5e3418afb0795ae38129e45d63e50e	fde9248853becfa8c43efe0598dae6506f8f90f14fab148f02848a6fb24a9634
95	4ec82af2d10033ba5b67fcab4d4db0c9d0660e819f034160d72cd737de8a243a	2794855994fa00946f060b1ff810c0e5773230f1486b501724a2d9d055c357d3
95	4ec82af2d10033ba5b67fcab4d4db0c9d0660e819f034160d72cd737de8a243a	27fdd88c2cb708c881a883638065c0ec327c411ad280403b6fb6355b54831ee1
95	4ec82af2d10033ba5b67fcab4d4db0c9d0660e819f034160d72cd737de8a243a	282591ede058a3a0086d9fb1e989a9732fd9c6477f9cc746386fe170e0e4d73c
95	4ec82af2d10033ba5b67fcab4d4db0c9d0660e819f034160d72cd737de8a243a	fde9248853becfa8c43efe0598dae6506f8f90f14fab148f02848a6fb24a9634
95	7059d25bd8978b3b04967b4ecb8dba3974a48b0532c1cad06769313300be9b74	2794855994fa00946f060b1ff810c0e5773230f1486b501724a2d9d055c357d3
95	7059d25bd8978b3b04967b4ecb8dba3974a48b0532c1cad06769313300be9b74	27fdd88c2cb708c881a883638065c0ec327c411ad280403b6fb6355b54831ee1
95	7059d25bd8978b3b04967b4ecb8dba3974a48b0532c1cad06769313300be9b74	282591ede058a3a0086d9fb1e989a9732fd9c6477f9cc746386fe170e0e4d73c
95	7059d25bd8978b3b04967b4ecb8dba3974a48b0532c1cad06769313300be9b74	fde9248853becfa8c43efe0598dae6506f8f90f14fab148f02848a6fb24a9634
95	d2b48c99d2f5a5a37d65591bae256213a33925ce7b19eadd9e383e0d1e342b20	2794855994fa00946f060b1ff810c0e5773230f1486b501724a2d9d055c357d3
95	d2b48c99d2f5a5a37d65591bae256213a33925ce7b19eadd9e383e0d1e342b20	27fdd88c2cb708c881a883638065c0ec327c411ad280403b6fb6355b54831ee1
95	d2b48c99d2f5a5a37d65591bae256213a33925ce7b19eadd9e383e0d1e342b20	282591ede058a3a0086d9fb1e989a9732fd9c6477f9cc746386fe170e0e4d73c
95	d2b48c99d2f5a5a37d65591bae256213a33925ce7b19eadd9e383e0d1e342b20	fde9248853becfa8c43efe0598dae6506f8f90f14fab148f02848a6fb24a9634
94	2794855994fa00946f060b1ff810c0e5773230f1486b501724a2d9d055c357d3	b0bc49db0537edcd7361cb207faa419a6c73a1c23f3e008f05ba4d26bd5bdd24
94	2794855994fa00946f060b1ff810c0e5773230f1486b501724a2d9d055c357d3	ca15a56fdf842ce6ae7eefb6fb7ff31127e1b51beafa9db33a1e9f060659d96d
94	2794855994fa00946f060b1ff810c0e5773230f1486b501724a2d9d055c357d3	d7771a49ed9dea6db660632c8a11a890d9a1943af4c27364868d079a6f449d04
94	2794855994fa00946f060b1ff810c0e5773230f1486b501724a2d9d055c357d3	e871fe42ba274d0b5d4dce263dec8d6eed899895d9c1870c31ca5788bee8696a
94	27fdd88c2cb708c881a883638065c0ec327c411ad280403b6fb6355b54831ee1	b0bc49db0537edcd7361cb207faa419a6c73a1c23f3e008f05ba4d26bd5bdd24
94	27fdd88c2cb708c881a883638065c0ec327c411ad280403b6fb6355b54831ee1	ca15a56fdf842ce6ae7eefb6fb7ff31127e1b51beafa9db33a1e9f060659d96d
94	27fdd88c2cb708c881a883638065c0ec327c411ad280403b6fb6355b54831ee1	d7771a49ed9dea6db660632c8a11a890d9a1943af4c27364868d079a6f449d04
94	27fdd88c2cb708c881a883638065c0ec327c411ad280403b6fb6355b54831ee1	e871fe42ba274d0b5d4dce263dec8d6eed899895d9c1870c31ca5788bee8696a
94	282591ede058a3a0086d9fb1e989a9732fd9c6477f9cc746386fe170e0e4d73c	b0bc49db0537edcd7361cb207faa419a6c73a1c23f3e008f05ba4d26bd5bdd24
94	282591ede058a3a0086d9fb1e989a9732fd9c6477f9cc746386fe170e0e4d73c	ca15a56fdf842ce6ae7eefb6fb7ff31127e1b51beafa9db33a1e9f060659d96d
94	282591ede058a3a0086d9fb1e989a9732fd9c6477f9cc746386fe170e0e4d73c	d7771a49ed9dea6db660632c8a11a890d9a1943af4c27364868d079a6f449d04
94	282591ede058a3a0086d9fb1e989a9732fd9c6477f9cc746386fe170e0e4d73c	e871fe42ba274d0b5d4dce263dec8d6eed899895d9c1870c31ca5788bee8696a
94	fde9248853becfa8c43efe0598dae6506f8f90f14fab148f02848a6fb24a9634	b0bc49db0537edcd7361cb207faa419a6c73a1c23f3e008f05ba4d26bd5bdd24
94	fde9248853becfa8c43efe0598dae6506f8f90f14fab148f02848a6fb24a9634	ca15a56fdf842ce6ae7eefb6fb7ff31127e1b51beafa9db33a1e9f060659d96d
94	fde9248853becfa8c43efe0598dae6506f8f90f14fab148f02848a6fb24a9634	d7771a49ed9dea6db660632c8a11a890d9a1943af4c27364868d079a6f449d04
94	fde9248853becfa8c43efe0598dae6506f8f90f14fab148f02848a6fb24a9634	e871fe42ba274d0b5d4dce263dec8d6eed899895d9c1870c31ca5788bee8696a
93	b0bc49db0537edcd7361cb207faa419a6c73a1c23f3e008f05ba4d26bd5bdd24	088c7f3cbb663b8ea7157d840d2b2501740e68a25eddf8d9f04ca04195c05d6f
93	b0bc49db0537edcd7361cb207faa419a6c73a1c23f3e008f05ba4d26bd5bdd24	5c267402264ae66c495d6e8bd4922a2c0d76d81efddccf5cdf7b58398ce95411
93	b0bc49db0537edcd7361cb207faa419a6c73a1c23f3e008f05ba4d26bd5bdd24	868054e7e23d66f9138e6ede47281c0c8472a18d1ddd6ae4851d6cf58b5cd890
93	b0bc49db0537edcd7361cb207faa419a6c73a1c23f3e008f05ba4d26bd5bdd24	968de94b5b59d0810689b18c6db42abb1eb4f8d10b94b3629382f198dcb62ae8
93	ca15a56fdf842ce6ae7eefb6fb7ff31127e1b51beafa9db33a1e9f060659d96d	088c7f3cbb663b8ea7157d840d2b2501740e68a25eddf8d9f04ca04195c05d6f
93	ca15a56fdf842ce6ae7eefb6fb7ff31127e1b51beafa9db33a1e9f060659d96d	5c267402264ae66c495d6e8bd4922a2c0d76d81efddccf5cdf7b58398ce95411
93	ca15a56fdf842ce6ae7eefb6fb7ff31127e1b51beafa9db33a1e9f060659d96d	868054e7e23d66f9138e6ede47281c0c8472a18d1ddd6ae4851d6cf58b5cd890
93	ca15a56fdf842ce6ae7eefb6fb7ff31127e1b51beafa9db33a1e9f060659d96d	968de94b5b59d0810689b18c6db42abb1eb4f8d10b94b3629382f198dcb62ae8
93	d7771a49ed9dea6db660632c8a11a890d9a1943af4c27364868d079a6f449d04	088c7f3cbb663b8ea7157d840d2b2501740e68a25eddf8d9f04ca04195c05d6f
93	d7771a49ed9dea6db660632c8a11a890d9a1943af4c27364868d079a6f449d04	5c267402264ae66c495d6e8bd4922a2c0d76d81efddccf5cdf7b58398ce95411
93	d7771a49ed9dea6db660632c8a11a890d9a1943af4c27364868d079a6f449d04	868054e7e23d66f9138e6ede47281c0c8472a18d1ddd6ae4851d6cf58b5cd890
93	d7771a49ed9dea6db660632c8a11a890d9a1943af4c27364868d079a6f449d04	968de94b5b59d0810689b18c6db42abb1eb4f8d10b94b3629382f198dcb62ae8
93	e871fe42ba274d0b5d4dce263dec8d6eed899895d9c1870c31ca5788bee8696a	088c7f3cbb663b8ea7157d840d2b2501740e68a25eddf8d9f04ca04195c05d6f
93	e871fe42ba274d0b5d4dce263dec8d6eed899895d9c1870c31ca5788bee8696a	5c267402264ae66c495d6e8bd4922a2c0d76d81efddccf5cdf7b58398ce95411
93	e871fe42ba274d0b5d4dce263dec8d6eed899895d9c1870c31ca5788bee8696a	868054e7e23d66f9138e6ede47281c0c8472a18d1ddd6ae4851d6cf58b5cd890
93	e871fe42ba274d0b5d4dce263dec8d6eed899895d9c1870c31ca5788bee8696a	968de94b5b59d0810689b18c6db42abb1eb4f8d10b94b3629382f198dcb62ae8
