# The review ledger — one row per item, authored. Regenerated in skeleton by:
#   tools/emit-review-ledger.sh --seed
# Columns: kind	id	tier	verdict	depth	sample	reason	evidence	registers	note
# verdict vocabulary: cleared finding sampled exempt deferred unreachable
# tier vocabulary: T1 T2 T3   |   depth vocabulary: shallow medium deep -
# reason vocabulary (exempt): data generated dev-tool legacy axiomatized
# reason vocabulary (unreachable): peer-bound harness-bound
# ceiling	ingress	44
# ceiling	process	30
# ceiling	config	104
# ceiling	tool	21
# unhousedCeiling	107
class	cast	T3	deferred	-	-	-	-	-	-
class	div	T3	deferred	-	-	-	-	-	-
class	get	T3	deferred	-	-	-	-	-	-
class	index	T3	deferred	-	-	-	-	-	-
class	lax	T3	deferred	-	-	-	-	-	-
class	overflow	T3	deferred	-	-	-	-	-	-
config	allow-private-addresses	T3	deferred	-	-	-	-	-	-
config	api-enable-devnet-admin-public	T3	deferred	-	-	-	-	-	-
config	api-enable-devnet-cors	T3	deferred	-	-	-	-	-	-
config	api-enable-reporting	T3	deferred	-	-	-	-	-	-
config	api-grpc-max-recv-message-size	T3	deferred	-	-	-	-	-	-
config	api-host	T3	deferred	-	-	-	-	-	-
config	api-keep-alive-time	T3	deferred	-	-	-	-	-	-
config	api-keep-alive-timeout	T3	deferred	-	-	-	-	-	-
config	api-max-blocks-limit	T3	deferred	-	-	-	-	-	-
config	api-max-connection-age	T3	deferred	-	-	-	-	-	-
config	api-max-connection-age-grace	T3	deferred	-	-	-	-	-	-
config	api-max-connection-idle	T3	deferred	-	-	-	-	-	-
config	api-permit-keep-alive-time	T3	deferred	-	-	-	-	-	-
config	api-port-admin-http	T3	deferred	-	-	-	-	-	-
config	api-port-grpc-external	T3	deferred	-	-	-	-	-	-
config	api-port-grpc-internal	T3	deferred	-	-	-	-	-	-
config	api-port-http	T3	deferred	-	-	-	-	-	-
config	attest-on-new-blocks	T3	deferred	-	-	-	-	-	-
config	autogen-shard-size	T3	deferred	-	-	-	-	-	-
config	autopropose	T3	deferred	-	-	-	-	-	-
config	bond-maximum	T3	deferred	-	-	-	-	-	-
config	bond-minimum	T3	deferred	-	-	-	-	-	-
config	bonds-file	T3	deferred	-	-	-	-	-	-
config	bootstrap	T3	deferred	-	-	-	-	-	-
config	casper-loop-interval	T3	deferred	-	-	-	-	-	-
config	config-file	T3	deferred	-	-	-	-	-	-
config	content	T3	deferred	-	-	-	-	-	-
config	content@2	T3	deferred	-	-	-	-	-	-
config	data-dir	T3	deferred	-	-	-	-	-	-
config	deployer-private-key	T3	deferred	-	-	-	-	-	-
config	deploy-id	T3	deferred	-	-	-	-	-	-
config	deploy-signature	T3	deferred	-	-	-	-	-	-
config	depth	T3	deferred	-	-	-	-	-	-
config	depth@2	T3	deferred	-	-	-	-	-	-
config	dev-mode	T3	deferred	-	-	-	-	-	-
config	disable-lfs	T3	deferred	-	-	-	-	-	-
config	disable-state-exporter	T3	deferred	-	-	-	-	-	-
config	discovery-cleanup-interval	T3	deferred	-	-	-	-	-	-
config	discovery-heartbeat-batch-size	T3	deferred	-	-	-	-	-	-
config	discovery-init-wait-loop-interval	T3	deferred	-	-	-	-	-	-
config	discovery-lookup-interval	T3	deferred	-	-	-	-	-	-
config	discovery-port	T3	deferred	-	-	-	-	-	-
config	dynamic-ip	T3	deferred	-	-	-	-	-	-
config	effect-scheduler	T3	deferred	-	-	-	-	-	-
config	epoch-length	T3	deferred	-	-	-	-	-	-
config	fork-choice-check-if-stale-interval	T3	deferred	-	-	-	-	-	-
config	fork-choice-stale-threshold	T3	deferred	-	-	-	-	-	-
config	genesis-block-number	T3	deferred	-	-	-	-	-	-
config	grpc-host	T3	deferred	-	-	-	-	-	-
config	grpc-max-recv-message-size	T3	deferred	-	-	-	-	-	-
config	grpc-port	T3	deferred	-	-	-	-	-	-
config	height-constraint-threshold	T3	deferred	-	-	-	-	-	-
config	help	T3	deferred	-	-	-	-	-	-
config	host	T3	deferred	-	-	-	-	-	-
config	influxdb	T3	deferred	-	-	-	-	-	-
config	influxdb-udp	T3	deferred	-	-	-	-	-	-
config	max-number-of-parents	T3	deferred	-	-	-	-	-	-
config	min-phlo-price	T3	deferred	-	-	-	-	-	-
config	network-id	T3	deferred	-	-	-	-	-	-
config	network-timeout	T3	deferred	-	-	-	-	-	-
config	no-attest-on-new-blocks	T3	deferred	-	-	-	-	-	-
config	no-upnp	T3	deferred	-	-	-	-	-	-
config	number-of-active-validators	T3	deferred	-	-	-	-	-	-
config	parent-shard-id	T3	deferred	-	-	-	-	-	-
config	phlo-limit	T3	deferred	-	-	-	-	-	-
config	phlo-price	T3	deferred	-	-	-	-	-	-
config	pos-multi-sig-public-keys	T3	deferred	-	-	-	-	-	-
config	pos-multi-sig-quorum	T3	deferred	-	-	-	-	-	-
config	pos-vault-pub-key	T3	deferred	-	-	-	-	-	-
config	print-unmatched-sends	T3	deferred	-	-	-	-	-	-
config	print-unmatched-sends-only	T3	deferred	-	-	-	-	-	-
config	private-key	T3	deferred	-	-	-	-	-	-
config	private-key-path	T3	deferred	-	-	-	-	-	-
config	profile	T3	deferred	-	-	-	-	-	-
config	prometheus	T3	deferred	-	-	-	-	-	-
config	propose-on-deploy	T3	deferred	-	-	-	-	-	-
config	protocol-grpc-max-recv-message-size	T3	deferred	-	-	-	-	-	-
config	protocol-grpc-max-recv-stream-message-size	T3	deferred	-	-	-	-	-	-
config	protocol-grpc-stream-chunk-size	T3	deferred	-	-	-	-	-	-
config	protocol-max-connections	T3	deferred	-	-	-	-	-	-
config	protocol-max-message-consumers	T3	deferred	-	-	-	-	-	-
config	protocol-port	T3	deferred	-	-	-	-	-	-
config	quarantine-length	T3	deferred	-	-	-	-	-	-
config	requested-blocks-timeout	T3	deferred	-	-	-	-	-	-
config	shard-id	T3	deferred	-	-	-	-	-	-
config	shard-name	T3	deferred	-	-	-	-	-	-
config	showJustificationlines	T3	deferred	-	-	-	-	-	-
config	sigar	T3	deferred	-	-	-	-	-	-
config	standalone	T3	deferred	-	-	-	-	-	-
config	synchrony-constraint-threshold	T3	deferred	-	-	-	-	-	-
config	system-contract-pub-key	T3	deferred	-	-	-	-	-	-
config	thread-pool-size	T3	deferred	-	-	-	-	-	-
config	tls-certificate-path	T3	deferred	-	-	-	-	-	-
config	tls-key-path	T3	deferred	-	-	-	-	-	-
config	tls-secure-random-non-blocking	T3	deferred	-	-	-	-	-	-
config	type	T3	deferred	-	-	-	-	-	-
config	type@2	T3	deferred	-	-	-	-	-	-
config	use-random-ports	T3	deferred	-	-	-	-	-	-
config	valid-after-block-number	T3	deferred	-	-	-	-	-	-
config	validator-private-key	T3	deferred	-	-	-	-	-	-
config	validator-private-key-path	T3	deferred	-	-	-	-	-	-
config	validator-public-key	T3	deferred	-	-	-	-	-	-
config	wallets-file	T3	deferred	-	-	-	-	-	-
config	zipkin	T3	deferred	-	-	-	-	-	-
file	block-storage/src/approved_store.rs	T3	deferred	-	-	-	-	-	-
file	block-storage/src/block_store.rs	T3	deferred	-	-	-	-	-	-
file	block-storage/src/dag/codecs.rs	T3	deferred	-	-	-	-	-	-
file	block-storage/src/dag/dag_storage.rs	T3	deferred	-	-	-	-	-	-
file	block-storage/src/dag/finalizer.rs	T3	deferred	-	-	-	-	-	-
file	block-storage/src/dag/message_map.rs	T3	deferred	-	-	-	-	-	-
file	block-storage/src/dag/message_state.rs	T3	deferred	-	-	-	-	-	-
file	block-storage/src/dag/metadata_store.rs	T3	deferred	-	-	-	-	-	-
file	block-storage/src/dag/mod.rs	T3	deferred	-	-	-	-	-	-
file	block-storage/src/dag/representation.rs	T3	deferred	-	-	-	-	-	-
file	block-storage/src/errors.rs	T3	deferred	-	-	-	-	-	-
file	block-storage/src/lib.rs	T3	deferred	-	-	-	-	-	-
file	block-storage/src/syntax.rs	T3	deferred	-	-	-	-	-	-
file	block-storage/src/test_support.rs	T3	deferred	-	-	-	-	-	-
file	casper/src/api/block_api_impl.rs	T3	finding	deep	-	-	casper/src/api/block_api_impl.rs:exploratory_deploy C129	-	exploratory_deploy reads the highest-height block and an arbitrary hash from that height, so the no-hash default is the non-finalized chain tip; commit 63c535c6d reverted the fix R19 records as landed and never touched the register, so the row is false of this tree and nothing tracks the defect
file	casper/src/api/block_api.rs	T3	deferred	-	-	-	-	-	-
file	casper/src/api/block_report_api.rs	T3	deferred	-	-	-	-	-	-
file	casper/src/api/graph_generator.rs	T3	deferred	-	-	-	-	-	-
file	casper/src/api/machine_verifiable_dag.rs	T3	deferred	-	-	-	-	-	-
file	casper/src/api/mod.rs	T3	deferred	-	-	-	-	-	-
file	casper/src/block_metadata_store.rs	T3	deferred	-	-	-	-	-	-
file	casper/src/block_random_seed.rs	T3	deferred	-	-	-	-	-	-
file	casper/src/blocks/block_processor.rs	T1	deferred	-	-	-	-	-	-
file	casper/src/blocks/block_receiver.rs	T3	deferred	-	-	-	-	-	-
file	casper/src/blocks/block_retriever.rs	T3	deferred	-	-	-	-	-	-
file	casper/src/blocks/mod.rs	T3	deferred	-	-	-	-	-	-
file	casper/src/blocks/proposer/block_creator.rs	T3	finding	deep	-	-	casper/src/blocks/proposer/block_creator.rs:create_block C123	-	create_block selects every valid pooled deploy and turns the count into a u8 for the randomness seed, so a pool of 256 makes the seed conversion fail before any state work and the proposer can never produce a block; the pool cap of 10_000 and the per-block capacity of 255 are set in different places
file	casper/src/blocks/proposer/mod.rs	T3	deferred	-	-	-	-	-	-
file	casper/src/blocks/proposer/propose_result.rs	T3	deferred	-	-	-	-	-	-
file	casper/src/blocks/proposer/proposer.rs	T3	deferred	-	-	-	-	-	-
file	casper/src/block_status.rs	T3	deferred	-	-	-	-	-	-
file	casper/src/bonds_parser.rs	T3	deferred	-	-	-	-	-	-
file	casper/src/conf.rs	T1	deferred	-	-	-	-	-	-
file	casper/src/construct_deploy.rs	T3	deferred	-	-	-	-	-	-
file	casper/src/dag.rs	T3	deferred	-	-	-	-	-	-
file	casper/src/engine/lfs_block_requester.rs	T1	deferred	-	-	-	-	-	-
file	casper/src/engine/lfs_tuple_space_requester.rs	T3	deferred	-	-	-	-	-	-
file	casper/src/engine/mod.rs	T3	deferred	-	-	-	-	-	-
file	casper/src/engine/node_launch.rs	T2	deferred	-	-	-	-	-	-
file	casper/src/engine/node_running.rs	T3	deferred	-	-	-	-	-	-
file	casper/src/engine/node_syncing.rs	T3	deferred	-	-	-	-	-	-
file	casper/src/event_converter.rs	T3	deferred	-	-	-	-	-	-
file	casper/src/gateway/ledger.rs	T1	finding	deep	-	-	casper/src/gateway/ledger.rs:TxnLedger C125	-	the ledger is a bare KeyValueTypedStore keyed by hash(txn_id) with plain get and put, which is the store the non-atomic check-then-act above runs on; it also has no cap and no expiry, so a scanner walks it in full
file	casper/src/gateway/mod.rs	T1	finding	deep	-	-	casper/src/gateway/mod.rs:GatewayTxn C125	-	run() reads the coordinator ledger, decides there is no record, then writes one, with no lock, no per-txn_id serialization and no compare-and-set on the durable store, so two concurrent calls for one txn_id both open the transaction and the record can describe effects that were never applied
file	casper/src/genesis/contracts.rs	T3	deferred	-	-	-	-	-	-
file	casper/src/genesis/mod.rs	T3	deferred	-	-	-	-	-	-
file	casper/src/genesis/rgov.rs	T3	deferred	-	-	-	-	-	-
file	casper/src/genesis/standard_deploys.rs	T3	deferred	-	-	-	-	-	-
file	casper/src/interpreter_util.rs	T1	finding	deep	-	-	casper/src/interpreter_util.rs:slash_is_unjustified C110	-	the checkpoint replay is where the slash set is checked against this node's own DAG metadata, because the justification hashes carry no slashable flag
file	casper/src/lib.rs	T3	deferred	-	-	-	-	-	-
file	casper/src/merging.rs	T3	deferred	-	-	-	-	-	-
file	casper/src/multi_parent_casper.rs	T1	deferred	-	-	-	-	-	-
file	casper/src/protocol/casper_message_protocol.rs	T3	deferred	-	-	-	-	-	-
file	casper/src/protocol/client.rs	T3	deferred	-	-	-	-	-	-
file	casper/src/protocol/comm_util.rs	T2	deferred	-	-	-	-	-	-
file	casper/src/protocol/mod.rs	T3	deferred	-	-	-	-	-	-
file	casper/src/proto_util.rs	T3	deferred	-	-	-	-	-	-
file	casper/src/reporting.rs	T3	deferred	-	-	-	-	-	-
file	casper/src/rholang.rs	T3	deferred	-	-	-	-	-	-
file	casper/src/runtime_manager.rs	T3	deferred	-	-	-	-	-	-
file	casper/src/runtime_replay.rs	T1	deferred	-	-	-	-	-	-
file	casper/src/shard_invoke.rs	T3	deferred	-	-	-	-	-	-
file	casper/src/state/mod.rs	T3	deferred	-	-	-	-	-	-
file	casper/src/storage.rs	T3	deferred	-	-	-	-	-	-
file	casper/src/system_deploy.rs	T3	deferred	-	-	-	-	-	-
file	casper/src/tools.rs	T3	deferred	-	-	-	-	-	-
file	casper/src/txn_coordinator.rs	T1	deferred	-	-	-	-	-	-
file	casper/src/validate.rs	T1	finding	deep	-	-	casper/src/validate.rs:slashable_senders C110 casper/src/validate.rs:block_summary C120	-	block validation replayed a peer's Slash without re-deriving who the block's justifications hold responsible; the rule is shared with the proposer here
file	casper/src/validator_identity.rs	T3	deferred	-	-	-	-	-	-
file	casper/src/vault_parser.rs	T3	deferred	-	-	-	-	-	-
file	comm/src/discovery/grpc_kademlia_rpc.rs	T2	deferred	-	-	-	-	-	-
file	comm/src/discovery/grpc_kademlia_rpc_server.rs	T2	finding	deep	-	-	comm/src/discovery/grpc_kademlia_rpc_server.rs:sender_not_proven C116 comm/src/rp/handle_messages.rs:is_local_address_resolved C117	-	discovery was plaintext and unauthenticated on a public port, and its messages named a sender nothing checked; it now serves over the transport's mutual TLS and binds the sender to the certificate
file	comm/src/discovery/kademlia_handle_rpc.rs	T3	deferred	-	-	-	-	-	-
file	comm/src/discovery/kademlia_node_discovery.rs	T2	deferred	-	-	-	-	-	-
file	comm/src/discovery/kademlia_rpc.rs	T3	deferred	-	-	-	-	-	-
file	comm/src/discovery/kademlia_store.rs	T2	deferred	-	-	-	-	-	-
file	comm/src/discovery/mod.rs	T2	deferred	-	-	-	-	-	-
file	comm/src/discovery/node_discovery.rs	T3	deferred	-	-	-	-	-	-
file	comm/src/discovery/peer_table.rs	T3	deferred	-	-	-	-	-	-
file	comm/src/errors.rs	T3	deferred	-	-	-	-	-	-
file	comm/src/lib.rs	T3	deferred	-	-	-	-	-	-
file	comm/src/peer_node.rs	T3	deferred	-	-	-	-	-	-
file	comm/src/rp/connect.rs	T3	finding	deep	-	-	comm/src/rp/connect.rs:find_and_connect C136	-	find_and_connect awaits connect() for every peer in the routing table serially with no cap, and MAX_CONNECTIONS is applied to the result rather than inside the loop, so one peer's fabricated table stalls the RP loop for hours; the verifier assessed this as a faithful port of the Scala shape, so it may belong in the deviation register rather than as a defect
file	comm/src/rp/handle_messages.rs	T3	deferred	-	-	-	-	-	-
file	comm/src/rp/mod.rs	T3	deferred	-	-	-	-	-	-
file	comm/src/rp/protocol_helper.rs	T3	deferred	-	-	-	-	-	-
file	comm/src/rp/rp_conf.rs	T3	deferred	-	-	-	-	-	-
file	comm/src/transport/buffer/concurrent_queue.rs	T3	deferred	-	-	-	-	-	-
file	comm/src/transport/buffer/limited_buffer.rs	T3	deferred	-	-	-	-	-	-
file	comm/src/transport/buffer/mod.rs	T3	deferred	-	-	-	-	-	-
file	comm/src/transport/chunker.rs	T3	deferred	-	-	-	-	-	-
file	comm/src/transport/communication_response.rs	T3	deferred	-	-	-	-	-	-
file	comm/src/transport/generate_certificate_if_absent.rs	T3	deferred	-	-	-	-	-	-
file	comm/src/transport/grpc_transport_client.rs	T2	deferred	-	-	-	-	-	-
file	comm/src/transport/grpc_transport_receiver.rs	T2	finding	deep	-	-	comm/src/transport/grpc_transport_receiver.rs:stream_byte_budget C113 comm/src/transport/grpc_transport_receiver.rs:charge_stream_budget C113 comm/src/transport/grpc_transport_receiver.rs:peer_id_of_tls C115	-	the stream handler's only byte cap was per-stream while the stream count multiplied it; the aggregate budget and the unary transport decode cap both land in this receiver
file	comm/src/transport/grpc_transport.rs	T3	deferred	-	-	-	-	-	-
file	comm/src/transport/grpc_transport_server.rs	T3	deferred	-	-	-	-	-	-
file	comm/src/transport/hostname_trust_manager.rs	T3	deferred	-	-	-	-	-	-
file	comm/src/transport/messages.rs	T3	deferred	-	-	-	-	-	-
file	comm/src/transport/mod.rs	T3	deferred	-	-	-	-	-	-
file	comm/src/transport/packet_ops.rs	T3	deferred	-	-	-	-	-	-
file	comm/src/transport/stream_handler.rs	T3	deferred	-	-	-	-	-	-
file	comm/src/transport/tls_conf.rs	T3	deferred	-	-	-	-	-	-
file	comm/src/transport/transport_layer.rs	T3	deferred	-	-	-	-	-	-
file	comm/src/transport/transport_layer_syntax.rs	T3	deferred	-	-	-	-	-	-
file	comm/src/upnp/gateway.rs	T3	deferred	-	-	-	-	-	-
file	comm/src/upnp/mod.rs	T3	deferred	-	-	-	-	-	-
file	comm/src/who_am_i.rs	T3	deferred	-	-	-	-	-	-
file	crypto/src/encryption/curve25519.rs	T3	deferred	-	-	-	-	-	-
file	crypto/src/encryption/mod.rs	T3	deferred	-	-	-	-	-	-
file	crypto/src/errors.rs	T3	deferred	-	-	-	-	-	-
file	crypto/src/hash/blake2b256_hash.rs	T3	deferred	-	-	-	-	-	-
file	crypto/src/hash/blake2b256.rs	T3	deferred	-	-	-	-	-	-
file	crypto/src/hash/blake2b512_block.rs	T3	deferred	-	-	-	-	-	-
file	crypto/src/hash/blake2b512_random.rs	T3	deferred	-	-	-	-	-	-
file	crypto/src/hash/keccak256.rs	T3	deferred	-	-	-	-	-	-
file	crypto/src/hash/mod.rs	T3	deferred	-	-	-	-	-	-
file	crypto/src/hash/sha256.rs	T3	deferred	-	-	-	-	-	-
file	crypto/src/lib.rs	T3	deferred	-	-	-	-	-	-
file	crypto/src/private_key.rs	T3	deferred	-	-	-	-	-	-
file	crypto/src/public_key.rs	T3	deferred	-	-	-	-	-	-
file	crypto/src/signatures/ed25519.rs	T3	deferred	-	-	-	-	-	-
file	crypto/src/signatures/mod.rs	T3	deferred	-	-	-	-	-	-
file	crypto/src/signatures/secp256k1_eth.rs	T3	deferred	-	-	-	-	-	-
file	crypto/src/signatures/secp256k1.rs	T3	finding	deep	-	-	crypto/src/signatures/secp256k1.rs:verify_bytes C134	-	verify_bytes hands the caller's data to verify_prehash, which truncates anything longer than 32 bytes to its leftmost 32, so the rho secp256k1Verify contract returns a verdict over the message's prefix rather than the message; demonstrated by verifying msg32 concatenated with an unsigned suffix
file	crypto/src/signatures/signatures_alg.rs	T3	deferred	-	-	-	-	-	-
file	crypto/src/signatures/signed.rs	T3	deferred	-	-	-	-	-	-
file	crypto/src/util/certificate_helper.rs	T3	deferred	-	-	-	-	-	-
file	crypto/src/util/key_util.rs	T1	deferred	-	-	-	-	-	-
file	crypto/src/util/mod.rs	T3	deferred	-	-	-	-	-	-
file	crypto/src/util/secure_random_util.rs	T3	deferred	-	-	-	-	-	-
file	crypto/src/util/sorting.rs	T3	deferred	-	-	-	-	-	-
file	graphz/src/lib.rs	T3	deferred	-	-	-	-	-	-
file	models/src/ast.rs	T3	deferred	-	-	-	-	-	-
file	models/src/block_hash.rs	T3	deferred	-	-	-	-	-	-
file	models/src/block_metadata.rs	T3	finding	deep	-	-	models/src/block_metadata.rs:slashable C122	-	BlockMetadata::from_proto hard-codes slashable:false and the proto has no such field, so every metadata a validator can read loses the flag on the store round-trip and the C110 slash rule has no reachable input; the whole justified-confiscation mechanism is inert
file	models/src/block/mod.rs	T3	deferred	-	-	-	-	-	-
file	models/src/block/state_hash.rs	T3	deferred	-	-	-	-	-	-
file	models/src/block_version.rs	T3	deferred	-	-	-	-	-	-
file	models/src/casper/mod.rs	T3	deferred	-	-	-	-	-	-
file	models/src/casper/pretty_printer.rs	T3	deferred	-	-	-	-	-	-
file	models/src/casper/protocol/casper_message_protocol.rs	T3	deferred	-	-	-	-	-	-
file	models/src/casper/protocol/casper_message.rs	T1	finding	deep	-	-	models/src/casper/protocol/casper_message.rs:total_phlo_charge C109	-	the charge and the refund are computed here from wire-supplied phlo fields; both returned a bare i64 whose sign was unchecked, so a negative limit produced a usable amount
file	models/src/casper/protocol/deploy_service.rs	T3	deferred	-	-	-	-	-	-
file	models/src/casper/protocol/mod.rs	T3	deferred	-	-	-	-	-	-
file	models/src/casper/protocol/packet_type_tag.rs	T3	deferred	-	-	-	-	-	-
file	models/src/casper/protocol/propose_service.rs	T3	deferred	-	-	-	-	-	-
file	models/src/casper/protocol/report.rs	T3	deferred	-	-	-	-	-	-
file	models/src/comm/discovery/mod.rs	T3	deferred	-	-	-	-	-	-
file	models/src/comm/mod.rs	T3	deferred	-	-	-	-	-	-
file	models/src/comm/protocol/mod.rs	T3	deferred	-	-	-	-	-	-
file	models/src/errors.rs	T3	deferred	-	-	-	-	-	-
file	models/src/fringe_data.rs	T3	deferred	-	-	-	-	-	-
file	models/src/lib.rs	T3	deferred	-	-	-	-	-	-
file	models/src/murmur_hash3.rs	T3	deferred	-	-	-	-	-	-
file	models/src/normalizer_env.rs	T3	deferred	-	-	-	-	-	-
file	models/src/par_ops.rs	T1	deferred	-	-	-	-	-	-
file	models/src/pretty.rs	T3	deferred	-	-	-	-	-	-
file	models/src/proto.rs	T3	deferred	-	-	-	-	-	-
file	models/src/rholang.rs	T2	deferred	-	-	-	-	-	-
file	models/src/runtime.rs	T2	deferred	-	-	-	-	-	-
file	models/src/sorted.rs	T3	deferred	-	-	-	-	-	-
file	models/src/sorter.rs	T3	deferred	-	-	-	-	-	-
file	models/src/string_syntax.rs	T3	deferred	-	-	-	-	-	-
file	models/src/types.rs	T3	deferred	-	-	-	-	-	-
file	models/src/validator.rs	T1	deferred	-	-	-	-	-	-
file	models/src/wire.rs	T3	deferred	-	-	-	-	-	-
file	node/src/api/admin_web_api_impl.rs	T3	deferred	-	-	-	-	-	-
file	node/src/api/admin_web_api.rs	T3	deferred	-	-	-	-	-	-
file	node/src/api/conversion.rs	T3	deferred	-	-	-	-	-	-
file	node/src/api/dto.rs	T3	deferred	-	-	-	-	-	-
file	node/src/api/faucet.rs	T3	deferred	-	-	-	-	-	-
file	node/src/api/grpc/deploy_grpc_service_v1.rs	T2	deferred	-	-	-	-	-	-
file	node/src/api/grpc/mod.rs	T3	deferred	-	-	-	-	-	-
file	node/src/api/grpc/propose_grpc_service_v1.rs	T3	deferred	-	-	-	-	-	-
file	node/src/api/grpc/repl_grpc_service.rs	T3	deferred	-	-	-	-	-	-
file	node/src/api/grpc/tonic.rs	T3	deferred	-	-	-	-	-	-
file	node/src/api/mod.rs	T3	deferred	-	-	-	-	-	-
file	node/src/api/rho_expr.rs	T3	deferred	-	-	-	-	-	-
file	node/src/api/shard_routing.rs	T3	deferred	-	-	-	-	-	-
file	node/src/api/web_api_impl.rs	T3	deferred	-	-	-	-	-	-
file	node/src/api/web_api.rs	T3	deferred	-	-	-	-	-	-
file	node/src/api/web_api_syntax.rs	T3	deferred	-	-	-	-	-	-
file	node/src/configuration/commandline/base16_converter.rs	T3	deferred	-	-	-	-	-	-
file	node/src/configuration/commandline/config_mapper.rs	T2	deferred	-	-	-	-	-	-
file	node/src/configuration/commandline/mod.rs	T3	deferred	-	-	-	-	-	-
file	node/src/configuration/commandline/options.rs	T3	deferred	-	-	-	-	-	-
file	node/src/configuration/configuration.rs	T2	deferred	-	-	-	-	-	-
file	node/src/configuration/hocon.rs	T2	deferred	-	-	-	-	-	-
file	node/src/configuration/model.rs	T3	deferred	-	-	-	-	-	-
file	node/src/configuration/mod.rs	T3	deferred	-	-	-	-	-	-
file	node/src/diagnostics/effects.rs	T3	deferred	-	-	-	-	-	-
file	node/src/diagnostics/influxdb.rs	T3	deferred	-	-	-	-	-	-
file	node/src/diagnostics/model.rs	T3	deferred	-	-	-	-	-	-
file	node/src/diagnostics/mod.rs	T3	deferred	-	-	-	-	-	-
file	node/src/diagnostics/prometheus_reporter.rs	T3	deferred	-	-	-	-	-	-
file	node/src/diagnostics/scrape_data_builder.rs	T3	deferred	-	-	-	-	-	-
file	node/src/diagnostics/trace.rs	T3	deferred	-	-	-	-	-	-
file	node/src/effects/console_io.rs	T3	deferred	-	-	-	-	-	-
file	node/src/effects/mod.rs	T3	deferred	-	-	-	-	-	-
file	node/src/effects/repl_client.rs	T3	deferred	-	-	-	-	-	-
file	node/src/instances/mod.rs	T3	deferred	-	-	-	-	-	-
file	node/src/instances/proposer_instance.rs	T3	deferred	-	-	-	-	-	-
file	node/src/lib.rs	T3	deferred	-	-	-	-	-	-
file	node/src/main.rs	T3	deferred	-	-	-	-	-	-
file	node/src/runtime/mod.rs	T3	deferred	-	-	-	-	-	-
file	node/src/runtime/node_call_ctx.rs	T3	deferred	-	-	-	-	-	-
file	node/src/runtime/node_environment.rs	T3	deferred	-	-	-	-	-	-
file	node/src/runtime/node_main.rs	T2	deferred	-	-	-	-	-	-
file	node/src/runtime/node_runtime.rs	T1	finding	deep	-	-	node/src/runtime/node_runtime.rs:admin_bind_host C112 node/src/runtime/node_runtime.rs:admin_bind_host C132	-	the admin HTTP server bound api-server.host with an unauthenticated propose endpoint behind it; the bind is now loopback unless the operator opts in
file	node/src/runtime/repl_runtime.rs	T3	deferred	-	-	-	-	-	-
file	node/src/state/instances.rs	T3	deferred	-	-	-	-	-	-
file	node/src/state/mod.rs	T3	deferred	-	-	-	-	-	-
file	node/src/web/http.rs	T3	finding	deep	-	-	node/src/web/http.rs:gateway_or_not_found C121 node/src/web/http.rs:admin_router C133	-	the public API router mounts the fund-moving POST /api/txn with no authentication, no rate limiter and no bound on the leg vector, while every sibling state-mutating route consults the limiter; the admin router's own CORS comment promises a protection a simple cross-origin POST never has to ask for
file	node/src/web/mod.rs	T3	deferred	-	-	-	-	-	-
file	node/src/web/reporting.rs	T3	deferred	-	-	-	-	-	-
file	node/src/web/status_info.rs	T3	deferred	-	-	-	-	-	-
file	node/src/web/transaction.rs	T3	deferred	-	-	-	-	-	-
file	node/src/web/version_info.rs	T3	deferred	-	-	-	-	-	-
file	qucalc/src/lib.rs	T3	deferred	-	-	-	-	-	-
file	qucalc/src/main.rs	T3	deferred	-	-	-	-	-	-
file	rholang/src/accounting.rs	T3	deferred	-	-	-	-	-	-
file	rholang/src/compiler.rs	T3	deferred	-	-	-	-	-	-
file	rholang/src/contract_call.rs	T1	deferred	-	-	-	-	-	-
file	rholang/src/dispatch.rs	T1	deferred	-	-	-	-	-	-
file	rholang/src/env.rs	T2	deferred	-	-	-	-	-	-
file	rholang/src/errors.rs	T3	deferred	-	-	-	-	-	-
file	rholang/src/evaluate_result.rs	T3	deferred	-	-	-	-	-	-
file	rholang/src/lib.rs	T3	deferred	-	-	-	-	-	-
file	rholang/src/matcher/maximum_bipartite_match.rs	T3	deferred	-	-	-	-	-	-
file	rholang/src/matcher/mod.rs	T3	deferred	-	-	-	-	-	-
file	rholang/src/matcher/par_count.rs	T3	deferred	-	-	-	-	-	-
file	rholang/src/matcher/par_spatial_matcher_utils.rs	T3	finding	deep	-	-	rholang/src/matcher/par_spatial_matcher_utils.rs:min_max_subsets C124	-	the subset enumeration materializes 2^n pairs before the product check that is supposed to refuse it can run, and 2^20 already exceeds MAX_SPLIT_COMBINATIONS, so the bound can never prevent the work it names; measured at 15.9 GB RSS and 38 s of uncharged CPU from a 217-byte deploy
file	rholang/src/matcher/spatial_matcher.rs	T3	deferred	-	-	-	-	-	-
file	rholang/src/merging.rs	T3	deferred	-	-	-	-	-	-
file	rholang/src/native_state.rs	T1	finding	deep	-	-	rholang/src/native_state.rs:pre_charge C109 rholang/src/native_state.rs:untrust C111 rholang/src/native_state.rs:withdraw C135	-	a negative phlo_limit credited the deployer's vault: the charge is a debit and the subtraction inverted. Read as part of the C109 fix; the vault arithmetic, the staking credit and the untrust revocation in this file were reviewed, the rest of the file's native surface was not
file	rholang/src/normalizer.rs	T3	deferred	-	-	-	-	-	-
file	rholang/src/parser.rs	T3	deferred	-	-	-	-	-	-
file	rholang/src/pretty_printer.rs	T3	deferred	-	-	-	-	-	-
file	rholang/src/proc_ast.rs	T3	deferred	-	-	-	-	-	-
file	rholang/src/reduce.rs	T3	deferred	-	-	-	-	-	-
file	rholang/src/registry.rs	T3	deferred	-	-	-	-	-	-
file	rholang/src/reporting_runtime.rs	T2	deferred	-	-	-	-	-	-
file	rholang/src/runtime.rs	T3	deferred	-	-	-	-	-	-
file	rholang/src/scheduler.rs	T1	deferred	-	-	-	-	-	-
file	rholang/src/storage_printer.rs	T3	deferred	-	-	-	-	-	-
file	rholang/src/storage.rs	T3	deferred	-	-	-	-	-	-
file	rholang/src/substitute.rs	T3	deferred	-	-	-	-	-	-
file	rholang/src/system_processes.rs	T1	finding	deep	-	-	rholang/src/system_processes.rs:multi_sig_rev_vault C114	-	the multi-signature vault name was wired to the single-signer rev_vault handler; it now refuses rather than silently providing weaker custody
file	rholang/src/tree_proc.rs	T3	deferred	-	-	-	-	-	-
file	rholang/src/util/base58.rs	T3	deferred	-	-	-	-	-	-
file	rholang/src/util/mod.rs	T3	deferred	-	-	-	-	-	-
file	rholang/src/util/rev_address.rs	T3	deferred	-	-	-	-	-	-
file	rspace/src/checkpoint.rs	T3	deferred	-	-	-	-	-	-
file	rspace/src/concurrent/channel_queue.rs	T3	deferred	-	-	-	-	-	-
file	rspace/src/concurrent/mod.rs	T3	deferred	-	-	-	-	-	-
file	rspace/src/concurrent/multi_lock.rs	T3	deferred	-	-	-	-	-	-
file	rspace/src/concurrent/two_step_lock.rs	T3	deferred	-	-	-	-	-	-
file	rspace/src/concurrent/zfa_ledger.rs	T3	deferred	-	-	-	-	-	-
file	rspace/src/errors.rs	T3	deferred	-	-	-	-	-	-
file	rspace/src/factory.rs	T3	deferred	-	-	-	-	-	-
file	rspace/src/hashing/mod.rs	T3	deferred	-	-	-	-	-	-
file	rspace/src/hashing/stable_hash_provider.rs	T3	deferred	-	-	-	-	-	-
file	rspace/src/history/codecs.rs	T1	deferred	-	-	-	-	-	-
file	rspace/src/history/cold_store.rs	T3	deferred	-	-	-	-	-	-
file	rspace/src/history/export.rs	T3	deferred	-	-	-	-	-	-
file	rspace/src/history/history_action.rs	T1	deferred	-	-	-	-	-	-
file	rspace/src/history/history_reader.rs	T3	deferred	-	-	-	-	-	-
file	rspace/src/history/history_repository.rs	T1	deferred	-	-	-	-	-	-
file	rspace/src/history/history.rs	T3	deferred	-	-	-	-	-	-
file	rspace/src/history/instances/mod.rs	T3	deferred	-	-	-	-	-	-
file	rspace/src/history/instances/radix_history.rs	T3	deferred	-	-	-	-	-	-
file	rspace/src/history/instances/rspace_history_reader_impl.rs	T3	deferred	-	-	-	-	-	-
file	rspace/src/history/key_segment.rs	T3	deferred	-	-	-	-	-	-
file	rspace/src/history/mod.rs	T3	deferred	-	-	-	-	-	-
file	rspace/src/history/radix_tree.rs	T3	deferred	-	-	-	-	-	-
file	rspace/src/history/root_repository.rs	T1	deferred	-	-	-	-	-	-
file	rspace/src/history/roots_store.rs	T1	deferred	-	-	-	-	-	-
file	rspace/src/hot_store_action.rs	T3	deferred	-	-	-	-	-	-
file	rspace/src/hot_store.rs	T3	deferred	-	-	-	-	-	-
file	rspace/src/hot_store_trie_action.rs	T3	deferred	-	-	-	-	-	-
file	rspace/src/internal.rs	T3	deferred	-	-	-	-	-	-
file	rspace/src/i_replay_space.rs	T3	deferred	-	-	-	-	-	-
file	rspace/src/i_space.rs	T3	deferred	-	-	-	-	-	-
file	rspace/src/lib.rs	T3	deferred	-	-	-	-	-	-
file	rspace/src/lock.rs	T3	deferred	-	-	-	-	-	-
file	rspace/src/match_.rs	T3	deferred	-	-	-	-	-	-
file	rspace/src/merger/channel_change.rs	T3	deferred	-	-	-	-	-	-
file	rspace/src/merger/event_log_index.rs	T3	deferred	-	-	-	-	-	-
file	rspace/src/merger/event_log_merging_logic.rs	T2	deferred	-	-	-	-	-	-
file	rspace/src/merger/mod.rs	T2	deferred	-	-	-	-	-	-
file	rspace/src/merger/state_change_merger.rs	T2	deferred	-	-	-	-	-	-
file	rspace/src/merger/state_change.rs	T3	deferred	-	-	-	-	-	-
file	rspace/src/native_store.rs	T3	deferred	-	-	-	-	-	-
file	rspace/src/replay_rspace.rs	T1	deferred	-	-	-	-	-	-
file	rspace/src/reporting_rspace.rs	T3	deferred	-	-	-	-	-	-
file	rspace/src/reporting_transformer.rs	T3	deferred	-	-	-	-	-	-
file	rspace/src/rspace.rs	T3	deferred	-	-	-	-	-	-
file	rspace/src/scheduled_space.rs	T1	deferred	-	-	-	-	-	-
file	rspace/src/serializers/mod.rs	T3	deferred	-	-	-	-	-	-
file	rspace/src/serializers/scodec_serialize.rs	T3	deferred	-	-	-	-	-	-
file	rspace/src/space_matcher.rs	T3	deferred	-	-	-	-	-	-
file	rspace/src/state/exporters.rs	T3	deferred	-	-	-	-	-	-
file	rspace/src/state/instances.rs	T3	deferred	-	-	-	-	-	-
file	rspace/src/state/mod.rs	T3	deferred	-	-	-	-	-	-
file	rspace/src/trace/event.rs	T3	deferred	-	-	-	-	-	-
file	rspace/src/trace/mod.rs	T3	deferred	-	-	-	-	-	-
file	rspace/src/trace/tuplespace_event.rs	T3	deferred	-	-	-	-	-	-
file	rspace/src/tuple_space.rs	T3	deferred	-	-	-	-	-	-
file	rspace/src/util.rs	T3	deferred	-	-	-	-	-	-
file	sdk/src/block.rs	T3	deferred	-	-	-	-	-	-
file	sdk/src/casper_syntax.rs	T3	deferred	-	-	-	-	-	-
file	sdk/src/consensus.rs	T3	deferred	-	-	-	-	-	-
file	sdk/src/dag/data.rs	T3	deferred	-	-	-	-	-	-
file	sdk/src/dag/merging.rs	T3	deferred	-	-	-	-	-	-
file	sdk/src/dag.rs	T3	deferred	-	-	-	-	-	-
file	sdk/src/dag/syntax.rs	T3	deferred	-	-	-	-	-	-
file	sdk/src/error.rs	T3	deferred	-	-	-	-	-	-
file	sdk/src/lib.rs	T3	deferred	-	-	-	-	-	-
file	sdk/src/primitive.rs	T3	deferred	-	-	-	-	-	-
file	shared/src/base16.rs	T3	deferred	-	-	-	-	-	-
file	shared/src/compression.rs	T3	deferred	-	-	-	-	-	-
file	shared/src/dag.rs	T3	deferred	-	-	-	-	-	-
file	shared/src/debug.rs	T3	deferred	-	-	-	-	-	-
file	shared/src/key_value_cache.rs	T3	deferred	-	-	-	-	-	-
file	shared/src/language.rs	T3	deferred	-	-	-	-	-	-
file	shared/src/lib.rs	T3	deferred	-	-	-	-	-	-
file	shared/src/lmdb.rs	T3	deferred	-	-	-	-	-	-
file	shared/src/log.rs	T3	deferred	-	-	-	-	-	-
file	shared/src/long_ops.rs	T3	deferred	-	-	-	-	-	-
file	shared/src/matcher.rs	T3	deferred	-	-	-	-	-	-
file	shared/src/maybe_cell.rs	T3	deferred	-	-	-	-	-	-
file	shared/src/metrics.rs	T3	deferred	-	-	-	-	-	-
file	shared/src/monixable.rs	T3	deferred	-	-	-	-	-	-
file	shared/src/path_ops.rs	T3	deferred	-	-	-	-	-	-
file	shared/src/printer.rs	T3	deferred	-	-	-	-	-	-
file	shared/src/rate_limiter.rs	T1	deferred	-	-	-	-	-	-
file	shared/src/refined.rs	T3	deferred	-	-	-	-	-	-
file	shared/src/seq_ops.rs	T3	deferred	-	-	-	-	-	-
file	shared/src/serialize.rs	T3	deferred	-	-	-	-	-	-
file	shared/src/state.rs	T3	deferred	-	-	-	-	-	-
file	shared/src/stopwatch.rs	T3	deferred	-	-	-	-	-	-
file	shared/src/store_manager.rs	T3	deferred	-	-	-	-	-	-
file	shared/src/store.rs	T3	deferred	-	-	-	-	-	-
file	shared/src/string_ops.rs	T3	deferred	-	-	-	-	-	-
file	shared/src/sync_var.rs	T3	deferred	-	-	-	-	-	-
file	shared/src/terminal_mode.rs	T3	deferred	-	-	-	-	-	-
file	shared/src/throwable_ops.rs	T3	deferred	-	-	-	-	-	-
file	shared/src/time.rs	T3	deferred	-	-	-	-	-	-
file	shared/src/typed_store.rs	T3	deferred	-	-	-	-	-	-
ingress	grpc:deploy_grpc_service_v1	T3	deferred	-	-	-	-	-	-
ingress	grpc:propose_grpc_service_v1	T3	deferred	-	-	-	-	-	-
ingress	grpc:repl_grpc_service	T3	deferred	-	-	-	-	-	-
ingress	http:/api/block/{hash}	T3	deferred	-	-	-	-	-	-
ingress	http:/api/blocks	T3	deferred	-	-	-	-	-	-
ingress	http:/api/blocks/{depth}	T3	deferred	-	-	-	-	-	-
ingress	http:/api/blocks/{start}/{end}	T3	deferred	-	-	-	-	-	-
ingress	http:/api/capabilities	T3	deferred	-	-	-	-	-	-
ingress	http:/api/data-at-name	T3	deferred	-	-	-	-	-	-
ingress	http:/api/deploy	T3	deferred	-	-	-	-	-	-
ingress	http:/api/deploy/{deploy_id}	T3	deferred	-	-	-	-	-	-
ingress	http:/api/deploys	T3	deferred	-	-	-	-	-	-
ingress	http:/api/explore-deploy	T3	finding	deep	-	-	casper/src/api/block_api_impl.rs:exploratory_deploy C129	-	the no-hash default reads the non-finalized chain tip, so an unauthenticated caller's reads are anchored to a block a byzantine proposer can pick; R19 records this as fixed and it is not
ingress	http:/api/faucet	T3	deferred	-	-	-	-	-	-
ingress	http:/api/is-finalized/{hash}	T3	deferred	-	-	-	-	-	-
ingress	http:/api/last-finalized-block	T3	deferred	-	-	-	-	-	-
ingress	http:/api/propose	T3	deferred	-	-	-	-	-	-
ingress	http:/api/shards	T3	deferred	-	-	-	-	-	-
ingress	http:/api/status	T3	deferred	-	-	-	-	-	-
ingress	http:/api/trace	T3	deferred	-	-	-	-	-	-
ingress	http:/api/transactions/{hash}	T3	deferred	-	-	-	-	-	-
ingress	http:/api/txn	T3	finding	deep	-	-	node/src/web/http.rs:gateway_or_not_found C121	-	unauthenticated and unrated POST that spends the node's own validator REV to a caller-chosen address, on the wildcard-bound public server; every sibling capability path was hardened and this one was left
ingress	http:/api/txn/{txn_id}	T3	deferred	-	-	-	-	-	-
ingress	http:/api/v1/block/{hash}	T3	deferred	-	-	-	-	-	-
ingress	http:/api/v1/blocks	T3	deferred	-	-	-	-	-	-
ingress	http:/api/v1/capabilities	T3	deferred	-	-	-	-	-	-
ingress	http:/api/v1/deploy	T3	deferred	-	-	-	-	-	-
ingress	http:/api/v1/deploys	T3	deferred	-	-	-	-	-	-
ingress	http:/api/v1/explore-deploy	T3	finding	deep	-	-	casper/src/api/block_api_impl.rs:exploratory_deploy C129	-	the versioned twin of the same tip read on the same unauthenticated route
ingress	http:/api/v1/faucet	T3	deferred	-	-	-	-	-	-
ingress	http:/api/v1/openapi.json	T3	deferred	-	-	-	-	-	-
ingress	http:/api/v1/propose	T3	deferred	-	-	-	-	-	-
ingress	http:/api/v1/shards	T3	deferred	-	-	-	-	-	-
ingress	http:/api/v1/status	T3	deferred	-	-	-	-	-	-
ingress	http:/api/v1/txn	T3	finding	deep	-	-	node/src/web/http.rs:gateway_or_not_found C121	-	the versioned twin of the same unauthenticated fund-moving route, mounted from the same handler on the same wildcard-bound public router
ingress	http:/api/v1/txn/{txn_id}	T3	deferred	-	-	-	-	-	-
ingress	http:/metrics	T3	deferred	-	-	-	-	-	-
ingress	http:/reporting/trace	T3	deferred	-	-	-	-	-	-
ingress	http:/status	T3	deferred	-	-	-	-	-	-
ingress	http:/version	T3	deferred	-	-	-	-	-	-
ingress	p2p:grpc_kademlia_rpc_server:send_lookup	T3	deferred	-	-	-	-	-	-
ingress	p2p:grpc_kademlia_rpc_server:send_ping	T3	deferred	-	-	-	-	-	-
ingress	p2p:grpc_transport_receiver:send	T3	deferred	-	-	-	-	-	-
ingress	p2p:grpc_transport_receiver:stream	T3	deferred	-	-	-	-	-	-
law	10	T1	cleared	deep	-	-	rspace/src/history/radix_tree.rs:hash_node	-	mutation sweep: making every node hash alike made this witness FAIL (loudly, at the tree's own internal assertion), so it catches a degenerate mechanism and not merely a structural property. The tree's child maps are BTreeMaps, so order-independence is also structural; the mutation shows the test is not resting on that alone
law	11	T3	deferred	-	-	-	-	-	-
law	12	T3	deferred	-	-	-	-	-	-
law	13	T3	deferred	-	-	-	-	-	-
law	14a	T3	deferred	-	-	-	-	-	-
law	14b	T3	deferred	-	-	-	-	-	-
law	15	T3	deferred	-	-	-	-	-	-
law	16a	T3	deferred	-	-	-	-	-	-
law	16b	T3	deferred	-	-	-	-	-	-
law	16c	T3	deferred	-	-	-	-	-	-
law	16d	T3	deferred	-	-	-	-	-	-
law	17a	T3	deferred	-	-	-	-	-	-
law	17b	T3	deferred	-	-	-	-	-	-
law	18	T1	cleared	deep	-	-	block-storage/src/dag/metadata_store.rs:validate_dag_state	-	mutation sweep: deleting the contiguity check made the two negative witnesses FAIL and left the positive ones green, which is the correct split. The empty-DAG and missing-lowest-height cases were not separately mutated
law	19	T3	deferred	-	-	-	-	-	-
law	1a	T1	finding	deep	-	-	models/src/property_tests.rs:law1_sorting_is_idempotent C118	-	the row's first named witness cannot fail if sorting is deleted, because idempotence is what identity has; the row is still covered by its sibling witness, which does fail
law	1b	T1	cleared	deep	-	-	models/src/property_tests.rs:law1b_every_permutation_of_a_collection_sorts_alike	-	mutation sweep: replacing sort_pars with its input made this witness FAIL, so it is a real falsifier. Only the collection sort was mutated; the arithmetic of the comparison itself was not
law	2	T3	deferred	-	-	-	-	-	-
law	20	T3	deferred	-	-	-	-	-	-
law	21	T3	deferred	-	-	-	-	-	-
law	22	T3	deferred	-	-	-	-	-	-
law	23	T1	cleared	deep	-	-	rspace/src/trace/event.rs:apply	-	mutation sweep: removing Comm::apply's produce sort made this witness FAIL, so it catches the mechanism its own law is about — unlike law 8's witness, which covers the same function but is filed under the selection. The candidate rotation is the test's own construction and was not varied
law	24	T1	cleared	deep	-	-	rspace/src/concurrent/channel_queue.rs:channel_queue	-	mutation sweep: disabling the validation gate outright made this witness FAIL. The single gate was mutated; the record-layer half of the law was not independently deleted
law	25	T3	deferred	-	-	-	-	-	-
law	26a	T3	deferred	-	-	-	-	-	-
law	26b	T3	deferred	-	-	-	-	-	-
law	26c	T3	deferred	-	-	-	-	-	-
law	27	T3	deferred	-	-	-	-	-	-
law	28	T3	deferred	-	-	-	-	-	-
law	29	T3	deferred	-	-	-	-	-	-
law	3	T1	finding	deep	-	-	rholang/src/property_tests.rs:law3_substituting_a_closed_value_keeps_the_term_closed C138	-	both named witnesses survive a substitution that does nothing, so the row's evidence is vacuous; four tests it does not name catch the mutation, and none of them is named by any law row
law	30	T3	deferred	-	-	-	-	-	-
law	31	T3	deferred	-	-	-	-	-	-
law	32	T3	deferred	-	-	-	-	-	-
law	33	T3	deferred	-	-	-	-	-	-
law	34	T3	deferred	-	-	-	-	-	-
law	35	T3	deferred	-	-	-	-	-	-
law	36	T3	deferred	-	-	-	-	-	-
law	37	T3	deferred	-	-	-	-	-	-
law	38	T3	deferred	-	-	-	-	-	-
law	39	T3	deferred	-	-	-	-	-	-
law	40	T3	deferred	-	-	-	-	-	-
law	41	T3	deferred	-	-	-	-	-	-
law	42	T3	deferred	-	-	-	-	-	-
law	43	T3	deferred	-	-	-	-	-	-
law	44	T3	deferred	-	-	-	-	-	-
law	45	T3	deferred	-	-	-	-	-	-
law	46	T3	deferred	-	-	-	-	-	-
law	47	T3	deferred	-	-	-	-	-	-
law	48	T3	deferred	-	-	-	-	-	-
law	49	T3	deferred	-	-	-	-	-	-
law	4a	T3	deferred	-	-	-	-	-	-
law	4b	T3	deferred	-	-	-	-	-	-
law	5	T3	deferred	-	-	-	-	-	-
law	50a	T3	deferred	-	-	-	-	-	-
law	50b	T3	deferred	-	-	-	-	-	-
law	6	T3	deferred	-	-	-	-	-	-
law	7	T1	cleared	deep	-	-	rspace/src/hashing/stable_hash_provider.rs:hash_channels	-	mutation sweep: removing the sort in hash_hashes left the witness GREEN and that is correct — hash_seq sorts the same hashes upstream, so the mutation removed a redundant duplicate rather than the mechanism. A mutation masked by a second implementation is not a deletion
law	8	T1	finding	deep	-	-	rspace/src/property_tests.rs:law8_comm_sorts_produces C119	-	the registered witness covers Comm::apply's produce sort but not the content-addressed selection; the selector is covered by space_matcher's own test, which no law row names
law	9	T1	cleared	deep	-	-	rspace/src/merger/channel_change.rs:combine	-	mutation sweep: a left-projection combine made the monoid witness FAIL, so it is a real falsifier — the two identity assertions are what catch it. The row's other two witnesses are about StateChange::combine and were not mutated
process	rho:block:data	T3	deferred	-	-	-	-	-	-
process	rho:crypto:blake2b256Hash	T3	deferred	-	-	-	-	-	-
process	rho:crypto:ed25519Verify	T3	deferred	-	-	-	-	-	-
process	rho:crypto:keccak256Hash	T3	deferred	-	-	-	-	-	-
process	rho:crypto:secp256k1Verify	T3	deferred	-	-	-	-	-	-
process	rho:crypto:sha256Hash	T3	deferred	-	-	-	-	-	-
process	rho:gov:censure	T3	deferred	-	-	-	-	-	-
process	rho:gov:resolveWeights	T3	deferred	-	-	-	-	-	-
process	rho:gov:tally	T3	deferred	-	-	-	-	-	-
process	rho:gov:trustLevels	T3	deferred	-	-	-	-	-	-
process	rho:io:http	T3	deferred	-	-	-	-	-	-
process	rho:io:stderr	T3	deferred	-	-	-	-	-	-
process	rho:io:stderrAck	T3	deferred	-	-	-	-	-	-
process	rho:io:stdout	T3	deferred	-	-	-	-	-	-
process	rho:io:stdoutAck	T3	deferred	-	-	-	-	-	-
process	rho:qucalc:fuse	T3	deferred	-	-	-	-	-	-
process	rho:qucalc:grant	T3	deferred	-	-	-	-	-	-
process	rho:qucalc:verify	T3	deferred	-	-	-	-	-	-
process	rho:qucalc:zfa	T3	deferred	-	-	-	-	-	-
process	rho:rchain:deployerId:ops	T3	deferred	-	-	-	-	-	-
process	rho:rchain:multiSigRevVault	T3	deferred	-	-	-	-	-	-
process	rho:rchain:pos	T3	deferred	-	-	-	-	-	-
process	rho:rchain:revVault	T3	deferred	-	-	-	-	-	-
process	rho:registry:insertArbitrary	T3	deferred	-	-	-	-	-	-
process	rho:registry:insertSigned:secp256k1	T3	deferred	-	-	-	-	-	-
process	rho:registry:lookup	T3	deferred	-	-	-	-	-	-
process	rho:registry:ops	T3	deferred	-	-	-	-	-	-
process	rho:rev:address	T3	deferred	-	-	-	-	-	-
process	rho:txn	T3	deferred	-	-	-	-	-	-
process	sys:authToken:ops	T3	deferred	-	-	-	-	-	-
roster	self	T3	deferred	-	-	-	-	spec/REVIEW-LEDGER.md	the ledger's own machinery. No adversarial review of the ledger itself yet; check 15 is the mechanical half only, and it is this unit's own output — the pass that reviews the instruments has not run against it.
tool	.github/workflows/build-rnode.yml	T3	deferred	-	-	-	-	-	-
tool	.github/workflows/ci.yml	T3	deferred	-	-	-	-	-	-
tool	.github/workflows/coverage.yml	T3	finding	deep	-	-	.github/workflows/coverage.yml:permissions C137	-	coverage.yml declares no permissions block, so it runs with the repository default token scope, and resolves five floating action refs of which dtolnay/rust-toolchain@stable is a moving branch; it triggers on every push to dev and main, and the hardening the other workflows got is half-applied
tool	.github/workflows/devnet-fuzz.yml	T3	deferred	-	-	-	-	-	-
tool	tools/audit-instruments.sh	T3	deferred	-	-	-	-	-	-
tool	tools/audit-partiality.sh	T3	deferred	-	-	-	-	-	-
tool	tools/audit-test-register.sh	T3	deferred	-	-	-	-	-	-
tool	tools/audit-type-system.sh	T3	finding	deep	-	-	tools/audit-type-system.sh:PAT_SILENT C126 tools/audit-type-system.sh:REFINEMENT_FILES C127 tools/audit-type-system.sh:unsafe C130 tools/audit-type-system.sh:ESCAPE_ROSTER_AWK C131	-	four holes in the partiality gate, each demonstrated with a probe in an isolated worktree: the silent class is line-anchored so a rustfmt-wrapped try_from().unwrap_or(0) is invisible, the escape class reads only eleven files so a Deref impl in a sibling file is green, the unsafe class matches only an unsafe block, and G1's exclusion of public-field newtypes is unbacked for any name not already rostered
tool	tools/audit-vendored-sources.sh	T3	deferred	-	-	-	-	-	-
tool	tools/check-lean-conformance.sh	T3	deferred	-	-	-	-	-	-
tool	tools/check-rust-witnesses.sh	T3	finding	deep	-	-	tools/check-rust-witnesses.sh:witness C128	-	the witness verdict matches 'test <name> ...' without requiring '... ok', so libtest's '... ignored' line counts as a pass and an #[ignore]d test satisfies the law register's Rust half; demonstrated live with a witness that panics if it ever runs
tool	tools/devnet-fuzz.py	T3	deferred	-	-	-	-	-	-
tool	tools/devnet.sh	T3	deferred	-	-	-	-	-	-
tool	tools/devnet-test.sh	T3	deferred	-	-	-	-	-	-
tool	tools/emit-coverage-ledger.sh	T3	deferred	-	-	-	-	-	-
tool	tools/emit-lean-corpus.sh	T3	deferred	-	-	-	-	-	-
tool	tools/emit-lean-counts.sh	T3	deferred	-	-	-	-	-	-
tool	tools/emit-lean-laws.sh	T3	deferred	-	-	-	-	-	-
tool	tools/emit-review-ledger.sh	T3	deferred	-	-	-	-	-	-
tool	tools/next-audit-number.sh	T3	deferred	-	-	-	-	-	-
tool	tools/run-integration-tests.sh	T3	deferred	-	-	-	-	-	-
