# validators=3 nodes=bootstrap:40403,v1:41403,v2:42403
# cap=memory.max=4294967296 memory.swap.max=4294967296 (bytes)
# env=none
# container_cmd=[run --host devnet-bootstrap --api-host 0.0.0.0 --data-dir /var/lib/rnode --protocol-port 40400 --discovery-port 40404 --api-port-grpc-external 40401 --api-port-grpc-internal 40402 --api-port-http 40403 --api-port-admin-http 40405 --propose-on-deploy --api-enable-devnet-cors --api-enable-devnet-admin-public --dev-mode --deployer-private-key a68a6e6cca30f81bd24a719f3145d20e8424bd7b396309b0708a16c7d8000b76 --epoch-length 10 --attest-on-new-blocks -s --bonds-file /genesis/bonds.txt --wallets-file /genesis/wallets.txt --validator-private-key a68a6e6cca30f81bd24a719f3145d20e8424bd7b396309b0708a16c7d8000b76]
# blocks_read=/api/blocks/<depth>, depth=min(50, height) — the node's own max-blocks-limit; a failed read is recorded, never counted as zero blocks
# tree=881066fd31d891a01e1dd51fecf8b7f525c72cd9
# image=sha256:32f7c047e73e7b5c4a7c9b140adbd5d196e1d8eaee3c6793e109713b9312a0ea 2026-10-03T22:00:37.140474517Z
# container=e9a0d3c57e3469c5f391f99bbd7e7a7a5f5ab26dbbff5f1e42b4c8f207f37dff
# binary_sha256=08577a3a82b131300ccee267ec374dd63c25dd70e1fdf6e3fa6ce4fe0e09317d
utc	epoch	node	height	finalized	alive
22:05:52	1791065152	bootstrap	1	none	1
22:05:52	1791065152	v1	1	none	1
22:05:52	1791065152	v2	1	none	1
22:05:53	1791065153	bootstrap	1	none	1
22:05:53	1791065153	v1	1	none	1
22:05:53	1791065153	v2	1	none	1
22:05:54	1791065155	bootstrap	1	none	1
22:05:54	1791065155	v1	1	none	1
22:05:54	1791065155	v2	1	none	1
22:05:55	1791065156	bootstrap	1	none	1
22:05:55	1791065156	v1	1	none	1
22:05:55	1791065156	v2	1	none	1
22:05:56	1791065157	bootstrap	1	none	1
22:05:56	1791065157	v1	1	none	1
22:05:56	1791065157	v2	1	none	1
22:05:58	1791065158	bootstrap	1	none	1
22:05:58	1791065158	v1	1	none	1
22:05:58	1791065158	v2	1	none	1
22:05:59	1791065159	bootstrap	1	none	1
22:05:59	1791065159	v1	1	none	1
22:05:59	1791065159	v2	1	none	1
22:06:00	1791065160	bootstrap	1	none	1
22:06:00	1791065160	v1	1	none	1
22:06:00	1791065160	v2	1	none	1
22:06:01	1791065162	bootstrap	1	none	1
22:06:01	1791065162	v1	1	none	1
22:06:01	1791065162	v2	1	none	1
22:06:02	1791065163	bootstrap	1	none	1
22:06:02	1791065163	v1	1	none	1
22:06:02	1791065163	v2	1	none	1
22:06:03	1791065164	bootstrap	1	none	1
22:06:03	1791065164	v1	1	none	1
22:06:03	1791065164	v2	1	none	1
22:06:05	1791065165	bootstrap	1	none	1
22:06:05	1791065165	v1	1	none	1
22:06:05	1791065165	v2	1	none	1
22:06:06	1791065166	bootstrap	1	none	1
22:06:06	1791065166	v1	1	none	1
22:06:06	1791065166	v2	1	none	1
22:06:07	1791065168	bootstrap	1	none	1
22:06:07	1791065168	v1	1	none	1
22:06:07	1791065168	v2	1	none	1
22:06:08	1791065169	bootstrap	1	none	1
22:06:08	1791065169	v1	1	none	1
22:06:08	1791065169	v2	1	none	1
22:06:09	1791065170	bootstrap	1	none	1
22:06:09	1791065170	v1	1	none	1
22:06:09	1791065170	v2	1	none	1
22:06:11	1791065171	bootstrap	1	none	1
22:06:11	1791065171	v1	1	none	1
22:06:11	1791065171	v2	1	none	1
22:06:12	1791065172	bootstrap	1	none	1
22:06:12	1791065172	v1	1	none	1
22:06:12	1791065172	v2	1	none	1
22:06:13	1791065173	bootstrap	1	none	1
22:06:13	1791065173	v1	1	none	1
22:06:13	1791065173	v2	1	none	1
22:06:14	1791065175	bootstrap	1	none	1
22:06:14	1791065175	v1	1	none	1
22:06:14	1791065175	v2	1	none	1
22:06:15	1791065176	bootstrap	1	none	1
22:06:15	1791065176	v1	1	none	1
22:06:15	1791065176	v2	1	none	1
22:06:16	1791065177	bootstrap	1	none	1
22:06:16	1791065177	v1	1	none	1
22:06:16	1791065177	v2	1	none	1
22:06:18	1791065178	bootstrap	1	none	1
22:06:18	1791065178	v1	1	none	1
22:06:18	1791065178	v2	1	none	1
22:06:19	1791065179	bootstrap	1	none	1
22:06:19	1791065179	v1	1	none	1
22:06:19	1791065179	v2	1	none	1
22:06:20	1791065180	bootstrap	1	none	1
22:06:20	1791065180	v1	1	none	1
22:06:20	1791065180	v2	1	none	1
22:06:21	1791065182	bootstrap	1	none	1
22:06:21	1791065182	v1	1	none	1
22:06:21	1791065182	v2	1	none	1
22:06:22	1791065183	bootstrap	1	none	1
22:06:22	1791065183	v1	1	none	1
22:06:22	1791065183	v2	1	none	1
22:06:24	1791065184	bootstrap	1	none	1
22:06:24	1791065184	v1	1	none	1
22:06:24	1791065184	v2	1	none	1
22:06:25	1791065185	bootstrap	1	none	1
22:06:25	1791065185	v1	1	none	1
22:06:25	1791065185	v2	1	none	1
22:06:26	1791065186	bootstrap	1	none	1
22:06:26	1791065186	v1	1	none	1
22:06:26	1791065186	v2	1	none	1
22:06:27	1791065188	bootstrap	1	none	1
22:06:27	1791065188	v1	1	none	1
22:06:27	1791065188	v2	1	none	1
22:06:28	1791065189	bootstrap	1	none	1
22:06:28	1791065189	v1	1	none	1
22:06:28	1791065189	v2	1	none	1
22:06:29	1791065190	bootstrap	1	none	1
22:06:29	1791065190	v1	1	none	1
22:06:29	1791065190	v2	1	none	1
22:06:31	1791065191	bootstrap	1	none	1
22:06:31	1791065191	v1	1	none	1
22:06:31	1791065191	v2	1	none	1
22:06:32	1791065192	bootstrap	1	none	1
22:06:32	1791065192	v1	1	none	1
22:06:32	1791065192	v2	1	none	1
22:06:33	1791065193	bootstrap	1	none	1
22:06:33	1791065193	v1	1	none	1
22:06:33	1791065193	v2	1	none	1
22:06:34	1791065195	bootstrap	1	none	1
22:06:34	1791065195	v1	1	none	1
22:06:34	1791065195	v2	1	none	1
22:06:35	1791065196	bootstrap	1	none	1
22:06:35	1791065196	v1	1	none	1
22:06:35	1791065196	v2	1	none	1
22:06:37	1791065197	bootstrap	1	none	1
22:06:37	1791065197	v1	1	none	1
22:06:37	1791065197	v2	1	none	1
22:06:38	1791065198	bootstrap	1	none	1
22:06:38	1791065198	v1	1	none	1
22:06:38	1791065198	v2	1	none	1
22:06:39	1791065199	bootstrap	1	none	1
22:06:39	1791065199	v1	1	none	1
22:06:39	1791065199	v2	1	none	1
22:06:40	1791065201	bootstrap	1	none	1
22:06:40	1791065201	v1	1	none	1
22:06:40	1791065201	v2	1	none	1
22:06:41	1791065202	bootstrap	1	none	1
22:06:41	1791065202	v1	1	none	1
22:06:41	1791065202	v2	1	none	1
22:06:42	1791065203	bootstrap	1	none	1
22:06:42	1791065203	v1	1	none	1
22:06:42	1791065203	v2	1	none	1
22:06:44	1791065204	bootstrap	1	none	1
22:06:44	1791065204	v1	1	none	1
22:06:44	1791065204	v2	1	none	1
22:06:45	1791065205	bootstrap	1	none	1
22:06:45	1791065205	v1	1	none	1
22:06:45	1791065205	v2	1	none	1
22:06:46	1791065207	bootstrap	1	none	1
22:06:46	1791065207	v1	1	none	1
22:06:46	1791065207	v2	1	none	1
22:06:47	1791065208	bootstrap	1	none	1
22:06:47	1791065208	v1	1	none	1
22:06:47	1791065208	v2	1	none	1
22:06:48	1791065209	bootstrap	1	none	1
22:06:48	1791065209	v1	1	none	1
22:06:48	1791065209	v2	1	none	1
22:06:50	1791065210	bootstrap	1	none	1
22:06:50	1791065210	v1	1	none	1
22:06:50	1791065210	v2	1	none	1
22:06:51	1791065211	bootstrap	1	none	1
22:06:51	1791065211	v1	1	none	1
22:06:51	1791065211	v2	1	none	1
22:06:52	1791065212	bootstrap	2	none	1
22:06:52	1791065212	v1	2	none	1
22:06:52	1791065212	v2	2	none	1
22:06:53	1791065214	bootstrap	4	none	1
22:06:53	1791065214	v1	4	none	1
22:06:53	1791065214	v2	4	none	1
22:06:54	1791065215	bootstrap	5	1	1
22:06:54	1791065215	v1	5	1	1
22:06:54	1791065215	v2	5	1	1
22:06:55	1791065216	bootstrap	5	1	1
22:06:55	1791065216	v1	5	1	1
22:06:55	1791065216	v2	5	1	1
22:06:57	1791065217	bootstrap	5	1	1
22:06:57	1791065217	v1	5	1	1
22:06:57	1791065217	v2	5	1	1
22:06:58	1791065218	bootstrap	5	1	1
22:06:58	1791065218	v1	5	1	1
22:06:58	1791065218	v2	5	1	1
22:06:59	1791065220	bootstrap	5	1	1
22:06:59	1791065220	v1	5	1	1
22:06:59	1791065220	v2	5	1	1
22:07:00	1791065221	bootstrap	5	1	1
22:07:00	1791065221	v1	5	1	1
22:07:00	1791065221	v2	5	1	1
22:07:01	1791065222	bootstrap	5	1	1
22:07:01	1791065222	v1	5	1	1
22:07:01	1791065222	v2	5	1	1
22:07:03	1791065223	bootstrap	5	1	1
22:07:03	1791065223	v1	5	1	1
22:07:03	1791065223	v2	5	1	1
22:07:04	1791065224	bootstrap	7	3	1
22:07:04	1791065224	v1	7	3	1
22:07:04	1791065224	v2	7	3	1
22:07:05	1791065226	bootstrap	8	4	1
22:07:05	1791065226	v1	8	4	1
22:07:05	1791065226	v2	8	4	1
22:07:06	1791065227	bootstrap	8	4	1
22:07:06	1791065227	v1	8	4	1
22:07:06	1791065227	v2	8	4	1
22:07:07	1791065228	bootstrap	8	4	1
22:07:07	1791065228	v1	8	4	1
22:07:07	1791065228	v2	8	4	1
22:07:09	1791065229	bootstrap	8	4	1
22:07:09	1791065229	v1	8	4	1
22:07:09	1791065229	v2	8	4	1
22:07:10	1791065230	bootstrap	8	4	1
22:07:10	1791065230	v1	8	4	1
22:07:10	1791065230	v2	8	4	1
22:07:11	1791065231	bootstrap	8	4	1
22:07:11	1791065231	v1	8	4	1
22:07:11	1791065231	v2	8	4	1
22:07:12	1791065233	bootstrap	8	4	1
22:07:12	1791065233	v1	8	4	1
22:07:12	1791065233	v2	8	4	1
22:07:13	1791065234	bootstrap	8	4	1
22:07:13	1791065234	v1	8	4	1
22:07:13	1791065234	v2	8	4	1
22:07:15	1791065235	bootstrap	8	4	1
22:07:15	1791065235	v1	8	4	1
22:07:15	1791065235	v2	8	4	1
22:07:16	1791065236	bootstrap	10	6	1
22:07:16	1791065236	v1	10	6	1
22:07:16	1791065236	v2	10	6	1
22:07:17	1791065237	bootstrap	13	9	1
22:07:17	1791065237	v1	12	8	1
22:07:17	1791065237	v2	12	9	1
22:07:18	1791065239	bootstrap	14	10	1
22:07:18	1791065239	v1	14	10	1
22:07:18	1791065239	v2	14	10	1
22:07:19	1791065240	bootstrap	14	10	1
22:07:19	1791065240	v1	14	10	1
22:07:19	1791065240	v2	14	10	1
22:07:21	1791065241	bootstrap	14	10	1
22:07:21	1791065241	v1	14	10	1
22:07:21	1791065241	v2	14	10	1
22:07:22	1791065242	bootstrap	14	10	1
22:07:22	1791065242	v1	14	10	1
22:07:22	1791065242	v2	14	10	1
22:07:23	1791065243	bootstrap	14	10	1
22:07:23	1791065243	v1	14	10	1
22:07:23	1791065243	v2	14	10	1
22:07:24	1791065245	bootstrap	14	10	1
22:07:24	1791065245	v1	14	10	1
22:07:24	1791065245	v2	14	10	1
22:07:25	1791065246	bootstrap	14	10	1
22:07:25	1791065246	v1	14	10	1
22:07:25	1791065246	v2	14	10	1
22:07:27	1791065247	bootstrap	14	10	1
22:07:27	1791065247	v1	14	10	1
22:07:27	1791065247	v2	14	10	1
22:07:28	1791065248	bootstrap	15	11	1
22:07:28	1791065248	v1	15	11	1
22:07:28	1791065248	v2	15	12	1
22:07:29	1791065250	bootstrap	18	14	1
22:07:29	1791065250	v1	18	14	1
22:07:29	1791065250	v2	18	14	1
22:07:30	1791065251	bootstrap	18	14	1
22:07:30	1791065251	v1	18	14	1
22:07:30	1791065251	v2	18	14	1
22:07:31	1791065252	bootstrap	18	14	1
22:07:31	1791065252	v1	18	14	1
22:07:31	1791065252	v2	18	14	1
22:07:33	1791065253	bootstrap	18	14	1
22:07:33	1791065253	v1	18	14	1
22:07:33	1791065253	v2	18	14	1
22:07:34	1791065254	bootstrap	18	14	1
22:07:34	1791065254	v1	18	14	1
22:07:34	1791065254	v2	18	14	1
22:07:35	1791065256	bootstrap	18	14	1
22:07:35	1791065256	v1	18	14	1
22:07:35	1791065256	v2	18	14	1
22:07:36	1791065257	bootstrap	18	14	1
22:07:36	1791065257	v1	18	14	1
22:07:36	1791065257	v2	18	14	1
22:07:38	1791065258	bootstrap	18	14	1
22:07:38	1791065258	v1	18	14	1
22:07:38	1791065258	v2	18	14	1
22:07:39	1791065259	bootstrap	18	14	1
22:07:39	1791065259	v1	18	14	1
22:07:39	1791065259	v2	18	14	1
22:07:40	1791065261	bootstrap	19	15	1
22:07:40	1791065261	v1	19	15	1
22:07:40	1791065261	v2	20	16	1
22:07:41	1791065262	bootstrap	22	18	1
22:07:41	1791065262	v1	22	18	1
22:07:41	1791065262	v2	22	18	1
22:07:42	1791065263	bootstrap	24	20	1
22:07:42	1791065263	v1	24	20	1
22:07:42	1791065263	v2	24	20	1
22:07:44	1791065264	bootstrap	24	20	1
22:07:44	1791065264	v1	24	20	1
22:07:44	1791065264	v2	24	20	1
22:07:45	1791065265	bootstrap	24	20	1
22:07:45	1791065265	v1	24	20	1
22:07:45	1791065265	v2	24	20	1
22:07:46	1791065267	bootstrap	24	20	1
22:07:46	1791065267	v1	24	20	1
22:07:46	1791065267	v2	24	20	1
22:07:47	1791065268	bootstrap	24	20	1
22:07:47	1791065268	v1	24	20	1
22:07:47	1791065268	v2	24	20	1
22:07:49	1791065269	bootstrap	24	20	1
22:07:49	1791065269	v1	24	20	1
22:07:49	1791065269	v2	24	20	1
22:07:50	1791065270	bootstrap	24	20	1
22:07:50	1791065270	v1	24	20	1
22:07:50	1791065270	v2	24	20	1
22:07:51	1791065271	bootstrap	24	21	1
22:07:51	1791065271	v1	24	20	1
22:07:51	1791065271	v2	25	21	1
22:07:52	1791065273	bootstrap	27	23	1
22:07:52	1791065273	v1	27	23	1
22:07:52	1791065273	v2	27	23	1
22:07:53	1791065274	bootstrap	27	23	1
22:07:53	1791065274	v1	27	23	1
22:07:53	1791065274	v2	27	23	1
22:07:55	1791065275	bootstrap	27	23	1
22:07:55	1791065275	v1	27	23	1
22:07:55	1791065275	v2	27	23	1
22:07:56	1791065276	bootstrap	27	23	1
22:07:56	1791065276	v1	27	23	1
22:07:56	1791065276	v2	27	23	1
22:07:57	1791065278	bootstrap	27	23	1
22:07:57	1791065278	v1	27	23	1
22:07:57	1791065278	v2	27	23	1
22:07:58	1791065279	bootstrap	27	23	1
22:07:58	1791065279	v1	27	23	1
22:07:58	1791065279	v2	27	23	1
22:08:00	1791065280	bootstrap	27	23	1
22:08:00	1791065280	v1	27	23	1
22:08:00	1791065280	v2	27	23	1
22:08:01	1791065281	bootstrap	27	23	1
22:08:01	1791065281	v1	27	23	1
22:08:01	1791065281	v2	27	23	1
22:08:02	1791065282	bootstrap	27	23	1
22:08:02	1791065282	v1	27	23	1
22:08:02	1791065282	v2	27	23	1
22:08:03	1791065284	bootstrap	27	23	1
22:08:03	1791065284	v1	27	23	1
22:08:03	1791065284	v2	27	23	1
22:08:04	1791065285	bootstrap	27	23	1
22:08:04	1791065285	v1	27	23	1
22:08:04	1791065285	v2	27	23	1
22:08:06	1791065286	bootstrap	27	23	1
22:08:06	1791065286	v1	27	23	1
22:08:06	1791065286	v2	27	23	1
22:08:07	1791065287	bootstrap	27	23	1
22:08:07	1791065287	v1	27	23	1
22:08:07	1791065287	v2	27	23	1
22:08:08	1791065288	bootstrap	27	23	1
22:08:08	1791065288	v1	27	23	1
22:08:08	1791065288	v2	27	23	1
22:08:09	1791065290	bootstrap	27	23	1
22:08:09	1791065290	v1	27	23	1
22:08:09	1791065290	v2	27	23	1
22:08:10	1791065291	bootstrap	27	23	1
22:08:10	1791065291	v1	27	23	1
22:08:10	1791065291	v2	27	23	1
22:08:12	1791065292	bootstrap	27	23	1
22:08:12	1791065292	v1	27	23	1
22:08:12	1791065292	v2	27	23	1
22:08:13	1791065293	bootstrap	27	23	1
22:08:13	1791065293	v1	27	23	1
22:08:13	1791065293	v2	27	23	1
22:08:14	1791065294	bootstrap	27	23	1
22:08:14	1791065294	v1	27	23	1
22:08:14	1791065294	v2	27	23	1
22:08:15	1791065296	bootstrap	27	23	1
22:08:15	1791065296	v1	27	23	1
22:08:15	1791065296	v2	27	23	1
22:08:16	1791065297	bootstrap	27	23	1
22:08:16	1791065297	v1	27	23	1
22:08:16	1791065297	v2	27	23	1
22:08:18	1791065298	bootstrap	27	23	1
22:08:18	1791065298	v1	27	23	1
22:08:18	1791065298	v2	27	23	1
22:08:19	1791065299	bootstrap	27	23	1
22:08:19	1791065299	v1	27	23	1
22:08:19	1791065299	v2	27	23	1
22:08:20	1791065301	bootstrap	27	23	1
22:08:20	1791065301	v1	27	23	1
22:08:20	1791065301	v2	27	23	1
22:08:21	1791065302	bootstrap	27	23	1
22:08:21	1791065302	v1	27	23	1
22:08:21	1791065302	v2	27	23	1
22:08:22	1791065303	bootstrap	27	23	1
22:08:22	1791065303	v1	27	23	1
22:08:22	1791065303	v2	27	23	1
22:08:24	1791065304	bootstrap	27	23	1
22:08:24	1791065304	v1	27	23	1
22:08:24	1791065304	v2	27	23	1
22:08:25	1791065305	bootstrap	27	23	1
22:08:25	1791065305	v1	27	23	1
22:08:25	1791065305	v2	27	23	1
22:08:26	1791065307	bootstrap	27	23	1
22:08:26	1791065307	v1	27	23	1
22:08:26	1791065307	v2	27	23	1
22:08:27	1791065308	bootstrap	27	23	1
22:08:27	1791065308	v1	27	23	1
22:08:27	1791065308	v2	27	23	1
22:08:28	1791065309	bootstrap	27	23	1
22:08:28	1791065309	v1	27	23	1
22:08:28	1791065309	v2	27	23	1
22:08:30	1791065310	bootstrap	27	23	1
22:08:30	1791065310	v1	27	23	1
22:08:30	1791065310	v2	27	23	1
22:08:31	1791065311	bootstrap	27	23	1
22:08:31	1791065311	v1	27	23	1
22:08:31	1791065311	v2	27	23	1
22:08:32	1791065313	bootstrap	27	23	1
22:08:32	1791065313	v1	27	23	1
22:08:32	1791065313	v2	27	23	1
22:08:33	1791065314	bootstrap	27	23	1
22:08:33	1791065314	v1	27	23	1
22:08:33	1791065314	v2	27	23	1
22:08:34	1791065315	bootstrap	27	23	1
22:08:34	1791065315	v1	27	23	1
22:08:34	1791065315	v2	27	23	1
22:08:36	1791065316	bootstrap	27	23	1
22:08:36	1791065316	v1	27	23	1
22:08:36	1791065316	v2	27	23	1
22:08:37	1791065317	bootstrap	27	23	1
22:08:37	1791065317	v1	27	23	1
22:08:37	1791065317	v2	27	23	1
22:08:38	1791065319	bootstrap	27	23	1
22:08:38	1791065319	v1	27	23	1
22:08:38	1791065319	v2	27	23	1
22:08:39	1791065320	bootstrap	27	23	1
22:08:39	1791065320	v1	27	23	1
22:08:39	1791065320	v2	27	23	1
22:08:40	1791065321	bootstrap	27	23	1
22:08:40	1791065321	v1	27	23	1
22:08:40	1791065321	v2	27	23	1
22:08:42	1791065322	bootstrap	27	23	1
22:08:42	1791065322	v1	27	23	1
22:08:42	1791065322	v2	27	23	1
22:08:43	1791065323	bootstrap	27	23	1
22:08:43	1791065323	v1	27	23	1
22:08:43	1791065323	v2	27	23	1
22:08:44	1791065325	bootstrap	27	23	1
22:08:44	1791065325	v1	27	23	1
22:08:44	1791065325	v2	27	23	1
22:08:45	1791065326	bootstrap	27	23	1
22:08:45	1791065326	v1	27	23	1
22:08:45	1791065326	v2	27	23	1
22:08:47	1791065327	bootstrap	27	23	1
22:08:47	1791065327	v1	27	23	1
22:08:47	1791065327	v2	27	23	1
22:08:48	1791065328	bootstrap	27	23	1
22:08:48	1791065328	v1	27	23	1
22:08:48	1791065328	v2	27	23	1
22:08:49	1791065329	bootstrap	27	23	1
22:08:49	1791065329	v1	27	23	1
22:08:49	1791065329	v2	27	23	1
22:08:50	1791065331	bootstrap	27	23	1
22:08:50	1791065331	v1	27	23	1
22:08:50	1791065331	v2	27	23	1
22:08:51	1791065332	bootstrap	27	23	1
22:08:51	1791065332	v1	27	23	1
22:08:51	1791065332	v2	27	23	1
22:08:53	1791065333	bootstrap	27	23	1
22:08:53	1791065333	v1	27	23	1
22:08:53	1791065333	v2	27	23	1
22:08:54	1791065334	bootstrap	27	23	1
22:08:54	1791065334	v1	27	23	1
22:08:54	1791065334	v2	27	23	1
22:08:55	1791065336	bootstrap	27	23	1
22:08:55	1791065336	v1	27	23	1
22:08:55	1791065336	v2	27	23	1
22:08:56	1791065337	bootstrap	27	23	1
22:08:56	1791065337	v1	27	23	1
22:08:56	1791065337	v2	27	23	1
22:08:57	1791065338	bootstrap	27	23	1
22:08:57	1791065338	v1	27	23	1
22:08:57	1791065338	v2	27	23	1
22:08:59	1791065339	bootstrap	27	23	1
22:08:59	1791065339	v1	27	23	1
22:08:59	1791065339	v2	27	23	1
22:09:00	1791065340	bootstrap	27	23	1
22:09:00	1791065340	v1	27	23	1
22:09:00	1791065340	v2	27	23	1
22:09:01	1791065342	bootstrap	27	23	1
22:09:01	1791065342	v1	27	23	1
22:09:01	1791065342	v2	27	23	1
22:09:02	1791065343	bootstrap	27	23	1
22:09:02	1791065343	v1	27	23	1
22:09:02	1791065343	v2	27	23	1
22:09:03	1791065344	bootstrap	27	23	1
22:09:03	1791065344	v1	27	23	1
22:09:03	1791065344	v2	27	23	1
22:09:05	1791065345	bootstrap	27	23	1
22:09:05	1791065345	v1	27	23	1
22:09:05	1791065345	v2	27	23	1
22:09:06	1791065346	bootstrap	27	23	1
22:09:06	1791065346	v1	27	23	1
22:09:06	1791065346	v2	27	23	1
22:09:07	1791065348	bootstrap	27	23	1
22:09:07	1791065348	v1	27	23	1
22:09:07	1791065348	v2	27	23	1
22:09:08	1791065349	bootstrap	27	23	1
22:09:08	1791065349	v1	27	23	1
22:09:08	1791065349	v2	27	23	1
22:09:10	1791065350	bootstrap	27	23	1
22:09:10	1791065350	v1	27	23	1
22:09:10	1791065350	v2	27	23	1
22:09:11	1791065351	bootstrap	27	23	1
22:09:11	1791065351	v1	27	23	1
22:09:11	1791065351	v2	27	23	1
22:09:12	1791065352	bootstrap	27	23	1
22:09:12	1791065352	v1	27	23	1
22:09:12	1791065352	v2	27	23	1
22:09:13	1791065354	bootstrap	27	23	1
22:09:13	1791065354	v1	27	23	1
22:09:13	1791065354	v2	27	23	1
22:09:14	1791065355	bootstrap	27	23	1
22:09:14	1791065355	v1	27	23	1
22:09:14	1791065355	v2	27	23	1
22:09:16	1791065356	bootstrap	27	23	1
22:09:16	1791065356	v1	27	23	1
22:09:16	1791065356	v2	27	23	1
22:09:17	1791065357	bootstrap	27	23	1
22:09:17	1791065357	v1	27	23	1
22:09:17	1791065357	v2	27	23	1
22:09:18	1791065358	bootstrap	27	23	1
22:09:18	1791065358	v1	27	23	1
22:09:18	1791065358	v2	27	23	1
22:09:19	1791065360	bootstrap	27	23	1
22:09:19	1791065360	v1	27	23	1
22:09:19	1791065360	v2	27	23	1
22:09:20	1791065361	bootstrap	27	23	1
22:09:20	1791065361	v1	27	23	1
22:09:20	1791065361	v2	27	23	1
22:09:22	1791065362	bootstrap	27	23	1
22:09:22	1791065362	v1	27	23	1
22:09:22	1791065362	v2	27	23	1
22:09:23	1791065363	bootstrap	27	23	1
22:09:23	1791065363	v1	27	23	1
22:09:23	1791065363	v2	27	23	1
22:09:24	1791065365	bootstrap	27	23	1
22:09:24	1791065365	v1	27	23	1
22:09:24	1791065365	v2	27	23	1
22:09:25	1791065366	bootstrap	27	23	1
22:09:25	1791065366	v1	27	23	1
22:09:25	1791065366	v2	27	23	1
22:09:26	1791065367	bootstrap	27	23	1
22:09:26	1791065367	v1	27	23	1
22:09:26	1791065367	v2	27	23	1
22:09:28	1791065368	bootstrap	27	23	1
22:09:28	1791065368	v1	27	23	1
22:09:28	1791065368	v2	27	23	1
22:09:29	1791065369	bootstrap	27	23	1
22:09:29	1791065369	v1	27	23	1
22:09:29	1791065369	v2	27	23	1
22:09:30	1791065371	bootstrap	27	23	1
22:09:30	1791065371	v1	27	23	1
22:09:30	1791065371	v2	27	23	1
22:09:31	1791065372	bootstrap	27	23	1
22:09:31	1791065372	v1	27	23	1
22:09:31	1791065372	v2	27	23	1
22:09:32	1791065373	bootstrap	27	23	1
22:09:32	1791065373	v1	27	23	1
22:09:32	1791065373	v2	27	23	1
22:09:34	1791065374	bootstrap	27	23	1
22:09:34	1791065374	v1	27	23	1
22:09:34	1791065374	v2	27	23	1
22:09:35	1791065375	bootstrap	27	23	1
22:09:35	1791065375	v1	27	23	1
22:09:35	1791065375	v2	27	23	1
22:09:36	1791065377	bootstrap	27	23	1
22:09:36	1791065377	v1	27	23	1
22:09:36	1791065377	v2	27	23	1
22:09:37	1791065378	bootstrap	27	23	1
22:09:37	1791065378	v1	27	23	1
22:09:37	1791065378	v2	27	23	1
22:09:38	1791065379	bootstrap	27	23	1
22:09:38	1791065379	v1	27	23	1
22:09:38	1791065379	v2	27	23	1
22:09:40	1791065380	bootstrap	27	23	1
22:09:40	1791065380	v1	27	23	1
22:09:40	1791065380	v2	27	23	1
22:09:41	1791065381	bootstrap	27	23	1
22:09:41	1791065381	v1	27	23	1
22:09:41	1791065381	v2	27	23	1
22:09:42	1791065383	bootstrap	27	23	1
22:09:42	1791065383	v1	27	23	1
22:09:42	1791065383	v2	27	23	1
22:09:43	1791065384	bootstrap	27	23	1
22:09:43	1791065384	v1	27	23	1
22:09:43	1791065384	v2	27	23	1
22:09:45	1791065385	bootstrap	27	23	1
22:09:45	1791065385	v1	27	23	1
22:09:45	1791065385	v2	27	23	1
22:09:46	1791065386	bootstrap	27	23	1
22:09:46	1791065386	v1	27	23	1
22:09:46	1791065386	v2	27	23	1
22:09:47	1791065387	bootstrap	27	23	1
22:09:47	1791065387	v1	27	23	1
22:09:47	1791065387	v2	27	23	1
22:09:48	1791065389	bootstrap	27	23	1
22:09:48	1791065389	v1	27	23	1
22:09:48	1791065389	v2	27	23	1
22:09:49	1791065390	bootstrap	27	23	1
22:09:49	1791065390	v1	27	23	1
22:09:49	1791065390	v2	27	23	1
22:09:51	1791065391	bootstrap	27	23	1
22:09:51	1791065391	v1	27	23	1
22:09:51	1791065391	v2	27	23	1
22:09:52	1791065392	bootstrap	27	23	1
22:09:52	1791065392	v1	27	23	1
22:09:52	1791065392	v2	27	23	1
22:09:53	1791065393	bootstrap	27	23	1
22:09:53	1791065393	v1	27	23	1
22:09:53	1791065393	v2	27	23	1
22:09:54	1791065395	bootstrap	27	23	1
22:09:54	1791065395	v1	27	23	1
22:09:54	1791065395	v2	27	23	1
22:09:55	1791065396	bootstrap	27	23	1
22:09:55	1791065396	v1	27	23	1
22:09:55	1791065396	v2	27	23	1
22:09:57	1791065397	bootstrap	27	23	1
22:09:57	1791065397	v1	27	23	1
22:09:57	1791065397	v2	27	23	1
22:09:58	1791065398	bootstrap	27	23	1
22:09:58	1791065398	v1	27	23	1
22:09:58	1791065398	v2	27	23	1
22:09:59	1791065400	bootstrap	27	23	1
22:09:59	1791065400	v1	27	23	1
22:09:59	1791065400	v2	27	23	1
22:10:00	1791065401	bootstrap	27	23	1
22:10:00	1791065401	v1	27	23	1
22:10:00	1791065401	v2	27	23	1
22:10:01	1791065402	bootstrap	27	23	1
22:10:01	1791065402	v1	27	23	1
22:10:01	1791065402	v2	27	23	1
22:10:03	1791065403	bootstrap	27	23	1
22:10:03	1791065403	v1	27	23	1
22:10:03	1791065403	v2	27	23	1
