# first_seen_epoch	block_number	sender	deploy_count	parents	block_hash
1791114338	0	04f700a417754b775d95421973bdbdadb2d23c8a5af46f1829b1431f5c136e549e8a0d61aa0c793f1a614f8e437711c7758473c6ceb0859ac7e9e07911ca66b5c4	15	0	78005a696bef54c9342641b3b78021022478e6d115c4b3d6cc6e4a41677371c9
1791114398	1	04f700a417754b775d95421973bdbdadb2d23c8a5af46f1829b1431f5c136e549e8a0d61aa0c793f1a614f8e437711c7758473c6ceb0859ac7e9e07911ca66b5c4	0	1	f2b40cf03f545ec7a74b302e41dcb871752d204e9b0104804604767f90de526d
1791114398	1	04dbe32c2062240a4ba0bcad01d7edd98c78b51c77765d5e1e5e9fa3743d2f12a1f82f42cd7dc4f41445979117d790f23e9b3d08d0aa06d527c236172043e747fc	1	1	471400818d50e7516d6543ccd016e19906c37b3cf86fc4e59fe391da2c9774e5
1791114398	1	04d8b6c325ae12e89823866b2a292a62d7acee520954761890a1621fef79dca1c8e8df79dd8519480e5c015ae6cf3ba7de8669e260561616a36eb9c308b5983ab0	0	1	1f02d5dd587cc5bebd2b28bc8805e8c426bbfc95afccaeb86b8f8dc4e75ffcac
1791114399	2	04dbe32c2062240a4ba0bcad01d7edd98c78b51c77765d5e1e5e9fa3743d2f12a1f82f42cd7dc4f41445979117d790f23e9b3d08d0aa06d527c236172043e747fc	0	3	7e21f91492bc789756b910db2209853237c5e1dc0d14022d309d00758f86638f
1791114399	2	04d8b6c325ae12e89823866b2a292a62d7acee520954761890a1621fef79dca1c8e8df79dd8519480e5c015ae6cf3ba7de8669e260561616a36eb9c308b5983ab0	0	3	58444b2dbc954a8c58d768ce7fc7ed3a21cf94c88c0b9932968e8245de59e456
1791114399	2	04f700a417754b775d95421973bdbdadb2d23c8a5af46f1829b1431f5c136e549e8a0d61aa0c793f1a614f8e437711c7758473c6ceb0859ac7e9e07911ca66b5c4	0	3	0c6da7d77a20837bd55b4f21d4c505650729b180547cbae6707587046e05a3e6
1791114399	3	04f700a417754b775d95421973bdbdadb2d23c8a5af46f1829b1431f5c136e549e8a0d61aa0c793f1a614f8e437711c7758473c6ceb0859ac7e9e07911ca66b5c4	0	3	45e262a283a28e07dd738b0887608042b98a15c8bb8d02899ba129b04d28d9f5
1791114399	3	04dbe32c2062240a4ba0bcad01d7edd98c78b51c77765d5e1e5e9fa3743d2f12a1f82f42cd7dc4f41445979117d790f23e9b3d08d0aa06d527c236172043e747fc	0	3	3d0bef21248eb26708a35aa43fee9811a7fdaa84c26da8b272fb166e8d32090b
1791114399	3	04d8b6c325ae12e89823866b2a292a62d7acee520954761890a1621fef79dca1c8e8df79dd8519480e5c015ae6cf3ba7de8669e260561616a36eb9c308b5983ab0	0	3	614e905c745356a88eb3f1d622b246cc40ff42411e2820feae19431f62e7ba11
1791114400	4	04f700a417754b775d95421973bdbdadb2d23c8a5af46f1829b1431f5c136e549e8a0d61aa0c793f1a614f8e437711c7758473c6ceb0859ac7e9e07911ca66b5c4	0	3	815c01ce5bff36890e22c90cc22712c6e1167a11006ae8d697c807893b51c21d
1791114400	4	04dbe32c2062240a4ba0bcad01d7edd98c78b51c77765d5e1e5e9fa3743d2f12a1f82f42cd7dc4f41445979117d790f23e9b3d08d0aa06d527c236172043e747fc	0	3	ccc621fbb990a6fc04f31d39f90e074fe5d8ecab30d7126dddec49fa5789440d
1791114400	4	04d8b6c325ae12e89823866b2a292a62d7acee520954761890a1621fef79dca1c8e8df79dd8519480e5c015ae6cf3ba7de8669e260561616a36eb9c308b5983ab0	0	3	71cf59350714688fa7b36751cb38bce4a68dbde0fb90e3e9d74221f7a687d036
1791114411	5	04d8b6c325ae12e89823866b2a292a62d7acee520954761890a1621fef79dca1c8e8df79dd8519480e5c015ae6cf3ba7de8669e260561616a36eb9c308b5983ab0	0	3	2aee68254e703da00053a8436fe5445b8a58e843542bfdf749c3af5d70183f62
1791114411	5	04f700a417754b775d95421973bdbdadb2d23c8a5af46f1829b1431f5c136e549e8a0d61aa0c793f1a614f8e437711c7758473c6ceb0859ac7e9e07911ca66b5c4	0	3	11202ec0700b012d623be0cb3d6cea44e4529bffc7866d6a137b3a89fd0a3adb
1791114411	5	04dbe32c2062240a4ba0bcad01d7edd98c78b51c77765d5e1e5e9fa3743d2f12a1f82f42cd7dc4f41445979117d790f23e9b3d08d0aa06d527c236172043e747fc	1	3	0b298fa5c1cbf05374792606aac632d79443f4c3b293ee110ef7a6050273ad6d
1791114411	6	04d8b6c325ae12e89823866b2a292a62d7acee520954761890a1621fef79dca1c8e8df79dd8519480e5c015ae6cf3ba7de8669e260561616a36eb9c308b5983ab0	0	3	91f898269c46348823a28a12d61fb6a3186e9149749d252fb5b64d8abedacb8f
1791114411	6	04f700a417754b775d95421973bdbdadb2d23c8a5af46f1829b1431f5c136e549e8a0d61aa0c793f1a614f8e437711c7758473c6ceb0859ac7e9e07911ca66b5c4	0	3	03b04491b0f00918fc50dc4a978fa97742be629c6b37dfc15c363eaa0014ce30
1791114411	6	04dbe32c2062240a4ba0bcad01d7edd98c78b51c77765d5e1e5e9fa3743d2f12a1f82f42cd7dc4f41445979117d790f23e9b3d08d0aa06d527c236172043e747fc	0	3	60f76caeae0a63063d5c3b7913481d5c6213a2fa92f01b305b164eaaf26f5869
1791114412	7	04dbe32c2062240a4ba0bcad01d7edd98c78b51c77765d5e1e5e9fa3743d2f12a1f82f42cd7dc4f41445979117d790f23e9b3d08d0aa06d527c236172043e747fc	0	3	d3f81ccb2a624113579b6327c99239acefb081267f0cc735c7bbe20c4c4d8250
1791114412	7	04f700a417754b775d95421973bdbdadb2d23c8a5af46f1829b1431f5c136e549e8a0d61aa0c793f1a614f8e437711c7758473c6ceb0859ac7e9e07911ca66b5c4	0	3	743d8638a472c20601d2a1f2310c910363d88718c374e0febfb3ca5c577b49d0
1791114412	7	04d8b6c325ae12e89823866b2a292a62d7acee520954761890a1621fef79dca1c8e8df79dd8519480e5c015ae6cf3ba7de8669e260561616a36eb9c308b5983ab0	0	3	58f64cb799e7e3170e1baa3636e67a899ad0a563093280f63c0ae640feb8049f
1791114412	8	04f700a417754b775d95421973bdbdadb2d23c8a5af46f1829b1431f5c136e549e8a0d61aa0c793f1a614f8e437711c7758473c6ceb0859ac7e9e07911ca66b5c4	0	3	9abfd6e8984ba7ee427b5de302e4b887d958de7d1989484e4b837f83265c6b12
1791114412	8	04dbe32c2062240a4ba0bcad01d7edd98c78b51c77765d5e1e5e9fa3743d2f12a1f82f42cd7dc4f41445979117d790f23e9b3d08d0aa06d527c236172043e747fc	0	3	230f598e41d488ca86dfc860772346613d8fc57545d18a39f19a24e411f69991
1791114412	8	04d8b6c325ae12e89823866b2a292a62d7acee520954761890a1621fef79dca1c8e8df79dd8519480e5c015ae6cf3ba7de8669e260561616a36eb9c308b5983ab0	0	3	01cae079bbb679918f89644655ba893701a7ab3a5a5f8387bcddcf39f9a7bf1b
1791114423	9	04dbe32c2062240a4ba0bcad01d7edd98c78b51c77765d5e1e5e9fa3743d2f12a1f82f42cd7dc4f41445979117d790f23e9b3d08d0aa06d527c236172043e747fc	1	3	6439ef7ca330cd469de2b35c654a8a66343a6d6f33a51220d214c123265187cc
1791114423	9	04f700a417754b775d95421973bdbdadb2d23c8a5af46f1829b1431f5c136e549e8a0d61aa0c793f1a614f8e437711c7758473c6ceb0859ac7e9e07911ca66b5c4	0	3	23670838a32ede5286f9305bc790a2d2794e366a94ed2852ad7f11523819a910
1791114424	9	04d8b6c325ae12e89823866b2a292a62d7acee520954761890a1621fef79dca1c8e8df79dd8519480e5c015ae6cf3ba7de8669e260561616a36eb9c308b5983ab0	0	3	a983d630eced0450a876d91a9a1f078c222dbbc456e8b8c681dda13ca52d923f
1791114424	10	04f700a417754b775d95421973bdbdadb2d23c8a5af46f1829b1431f5c136e549e8a0d61aa0c793f1a614f8e437711c7758473c6ceb0859ac7e9e07911ca66b5c4	0	3	fc7dee203cb2fcaeaac729f8a28a14024f056b9cc99b8a7004676aeb1ad816c0
1791114424	10	04d8b6c325ae12e89823866b2a292a62d7acee520954761890a1621fef79dca1c8e8df79dd8519480e5c015ae6cf3ba7de8669e260561616a36eb9c308b5983ab0	0	3	a0ead97a5404d0089d1a77a08569d598dbcf0d3b8c1ab4629659c15885b93b0b
1791114424	10	04dbe32c2062240a4ba0bcad01d7edd98c78b51c77765d5e1e5e9fa3743d2f12a1f82f42cd7dc4f41445979117d790f23e9b3d08d0aa06d527c236172043e747fc	0	3	9fca70e62a76ee8900d382dfde5ba6b8a88ff5941dd6336122f6408fd61c4a42
1791114424	11	04d8b6c325ae12e89823866b2a292a62d7acee520954761890a1621fef79dca1c8e8df79dd8519480e5c015ae6cf3ba7de8669e260561616a36eb9c308b5983ab0	0	3	e9a60733f4ce4d714e1e6e0a91c23bb2bcefe154e2e0a758f71b47b5a778a19d
1791114424	11	04f700a417754b775d95421973bdbdadb2d23c8a5af46f1829b1431f5c136e549e8a0d61aa0c793f1a614f8e437711c7758473c6ceb0859ac7e9e07911ca66b5c4	0	3	a075678ad742552d9c1a15b217e6ad0145ff3281bb5f862acac2d7f749709c63
1791114424	11	04dbe32c2062240a4ba0bcad01d7edd98c78b51c77765d5e1e5e9fa3743d2f12a1f82f42cd7dc4f41445979117d790f23e9b3d08d0aa06d527c236172043e747fc	0	3	d35862fda423ac73c77814dafe0dafe2cbbaeef77a638bf89080cdc0bea060f9
1791114425	12	04d8b6c325ae12e89823866b2a292a62d7acee520954761890a1621fef79dca1c8e8df79dd8519480e5c015ae6cf3ba7de8669e260561616a36eb9c308b5983ab0	0	3	d1f5143b1ca3154daf446fbbc574591c88f5cb7fe9d46e518725ad8187e68cd7
1791114425	12	04dbe32c2062240a4ba0bcad01d7edd98c78b51c77765d5e1e5e9fa3743d2f12a1f82f42cd7dc4f41445979117d790f23e9b3d08d0aa06d527c236172043e747fc	0	3	6c692b12424cd274dff600e1d8c5380803fb64dfa16fe1e8cbbf9ff6dcfcf7b7
1791114425	12	04f700a417754b775d95421973bdbdadb2d23c8a5af46f1829b1431f5c136e549e8a0d61aa0c793f1a614f8e437711c7758473c6ceb0859ac7e9e07911ca66b5c4	0	3	0c424a74805cf6f05a99e0f18820848a8b4ad984be420ef7fbf755457d2fe57f
1791114425	13	04f700a417754b775d95421973bdbdadb2d23c8a5af46f1829b1431f5c136e549e8a0d61aa0c793f1a614f8e437711c7758473c6ceb0859ac7e9e07911ca66b5c4	0	3	f935a4838dca4df507235fd4425d58d2e014271ee3c4a2e8c8d64fe8b2f214b8
1791114425	13	04dbe32c2062240a4ba0bcad01d7edd98c78b51c77765d5e1e5e9fa3743d2f12a1f82f42cd7dc4f41445979117d790f23e9b3d08d0aa06d527c236172043e747fc	0	3	988016534fab0fe667843de2acb0e19f0c433f1bfc682e212f53e74a56f06d9b
1791114425	13	04d8b6c325ae12e89823866b2a292a62d7acee520954761890a1621fef79dca1c8e8df79dd8519480e5c015ae6cf3ba7de8669e260561616a36eb9c308b5983ab0	0	3	8c8efd5403aa92482451f1d068bf169d0ba682c7d49b595a6afd1815644c78c8
1791114425	14	04f700a417754b775d95421973bdbdadb2d23c8a5af46f1829b1431f5c136e549e8a0d61aa0c793f1a614f8e437711c7758473c6ceb0859ac7e9e07911ca66b5c4	0	3	e0e79333abc20c7605607beaa2b462dd2b87182e8d564967c5aea3dd1cf7c89d
1791114425	14	04dbe32c2062240a4ba0bcad01d7edd98c78b51c77765d5e1e5e9fa3743d2f12a1f82f42cd7dc4f41445979117d790f23e9b3d08d0aa06d527c236172043e747fc	0	3	393e1e0041a261d16d0de1243e34daeb67daeb707ca805e0efe774476098c47c
1791114426	14	04d8b6c325ae12e89823866b2a292a62d7acee520954761890a1621fef79dca1c8e8df79dd8519480e5c015ae6cf3ba7de8669e260561616a36eb9c308b5983ab0	0	3	4fd25dfe1aa47b211e2ea5214674f7f478890fcfa780402a8b18b83c29944aed
1791114435	15	04f700a417754b775d95421973bdbdadb2d23c8a5af46f1829b1431f5c136e549e8a0d61aa0c793f1a614f8e437711c7758473c6ceb0859ac7e9e07911ca66b5c4	0	3	ce30828057706f360b33a2ccfbfc1a9550439100fbee331a71ccd9506871a05a
1791114435	15	04d8b6c325ae12e89823866b2a292a62d7acee520954761890a1621fef79dca1c8e8df79dd8519480e5c015ae6cf3ba7de8669e260561616a36eb9c308b5983ab0	0	3	97afcb6f3e8fcab0707ba439fde3ee39b809be98b37897939821169d255e0db8
1791114435	15	04dbe32c2062240a4ba0bcad01d7edd98c78b51c77765d5e1e5e9fa3743d2f12a1f82f42cd7dc4f41445979117d790f23e9b3d08d0aa06d527c236172043e747fc	1	3	6e903d7f9930af7cb7f8c385bac46e4cc0a4187fd8c3208d9607ffda8bdecf34
1791114435	16	04f700a417754b775d95421973bdbdadb2d23c8a5af46f1829b1431f5c136e549e8a0d61aa0c793f1a614f8e437711c7758473c6ceb0859ac7e9e07911ca66b5c4	0	3	c576a2d676c29ea90f23ad8cb966eb82634f75cfde103b8861dfe745aa299cd7
1791114435	16	04dbe32c2062240a4ba0bcad01d7edd98c78b51c77765d5e1e5e9fa3743d2f12a1f82f42cd7dc4f41445979117d790f23e9b3d08d0aa06d527c236172043e747fc	0	3	545d177956e39364c4de397f34ef436042f69309e3bdd31f3fcf30f40eed0bd0
1791114435	16	04d8b6c325ae12e89823866b2a292a62d7acee520954761890a1621fef79dca1c8e8df79dd8519480e5c015ae6cf3ba7de8669e260561616a36eb9c308b5983ab0	0	3	80229a943cda3275c223d0c2a833de7dd6598c0ec29295253ce52d397099921b
1791114437	17	04dbe32c2062240a4ba0bcad01d7edd98c78b51c77765d5e1e5e9fa3743d2f12a1f82f42cd7dc4f41445979117d790f23e9b3d08d0aa06d527c236172043e747fc	0	3	a1d9b83af3846dc1966d06cabeb7c52238e2c27fde296ef3d6a4aa8378d4bceb
1791114437	17	04f700a417754b775d95421973bdbdadb2d23c8a5af46f1829b1431f5c136e549e8a0d61aa0c793f1a614f8e437711c7758473c6ceb0859ac7e9e07911ca66b5c4	0	3	7f61b385e27da52d48d89bbffe42d1dc3019088ac707ef73ca29cf4ccff93dcc
1791114437	17	04d8b6c325ae12e89823866b2a292a62d7acee520954761890a1621fef79dca1c8e8df79dd8519480e5c015ae6cf3ba7de8669e260561616a36eb9c308b5983ab0	0	3	5ba87f8132b6b53a2976eff81b97fec318baf815cb06039f9df82a6dfa9e953b
1791114437	18	04f700a417754b775d95421973bdbdadb2d23c8a5af46f1829b1431f5c136e549e8a0d61aa0c793f1a614f8e437711c7758473c6ceb0859ac7e9e07911ca66b5c4	0	3	d5209a7ed2385cc71e0898c9222019faa662a14f74e7cca6eafcaf6302e9df30
1791114437	18	04dbe32c2062240a4ba0bcad01d7edd98c78b51c77765d5e1e5e9fa3743d2f12a1f82f42cd7dc4f41445979117d790f23e9b3d08d0aa06d527c236172043e747fc	0	3	ab9f444ef7139af1ea599176ac47c8d53c47be2c548dddcb5df90a895ed16e34
1791114437	18	04d8b6c325ae12e89823866b2a292a62d7acee520954761890a1621fef79dca1c8e8df79dd8519480e5c015ae6cf3ba7de8669e260561616a36eb9c308b5983ab0	0	3	1238224db13dfc6d90b3fe1c25a643e51603b3672164a485ee840159e4e6b433
1791114447	19	04dbe32c2062240a4ba0bcad01d7edd98c78b51c77765d5e1e5e9fa3743d2f12a1f82f42cd7dc4f41445979117d790f23e9b3d08d0aa06d527c236172043e747fc	1	3	af0293490e9fc53a8241ef2c8586a300cf0f4749004ebadd04db6975c052ee6f
1791114447	19	04f700a417754b775d95421973bdbdadb2d23c8a5af46f1829b1431f5c136e549e8a0d61aa0c793f1a614f8e437711c7758473c6ceb0859ac7e9e07911ca66b5c4	0	3	0a606093e9a7b54d34f4e9602f8f8fad23fd85c53b3cebf8b32bed5255022717
1791114447	19	04d8b6c325ae12e89823866b2a292a62d7acee520954761890a1621fef79dca1c8e8df79dd8519480e5c015ae6cf3ba7de8669e260561616a36eb9c308b5983ab0	0	3	7544fb1ee1c27285e758342e0b2f61fcd7893a7633140267656bef2a02a8fa3e
1791114447	20	04d8b6c325ae12e89823866b2a292a62d7acee520954761890a1621fef79dca1c8e8df79dd8519480e5c015ae6cf3ba7de8669e260561616a36eb9c308b5983ab0	0	3	5364cf08fc419f3055d58cc2ba1b1b87b70ac758b42626e0732645bedc2a48fd
1791114448	20	04dbe32c2062240a4ba0bcad01d7edd98c78b51c77765d5e1e5e9fa3743d2f12a1f82f42cd7dc4f41445979117d790f23e9b3d08d0aa06d527c236172043e747fc	0	3	a8a7c00d20ca1b7ff6743e06d1a9c1530a1c78a0486414ea2f58d942bc102bfc
1791114448	20	04f700a417754b775d95421973bdbdadb2d23c8a5af46f1829b1431f5c136e549e8a0d61aa0c793f1a614f8e437711c7758473c6ceb0859ac7e9e07911ca66b5c4	0	3	5d855d5ffdf57d802e1de1569a042c147cb47861511c6165a265de34343fd45d
1791114448	21	04dbe32c2062240a4ba0bcad01d7edd98c78b51c77765d5e1e5e9fa3743d2f12a1f82f42cd7dc4f41445979117d790f23e9b3d08d0aa06d527c236172043e747fc	0	3	62bb03225e69bcdb1cf82ec1ec61935c266dbbadb6ce4600363cccaed7191685
1791114448	21	04d8b6c325ae12e89823866b2a292a62d7acee520954761890a1621fef79dca1c8e8df79dd8519480e5c015ae6cf3ba7de8669e260561616a36eb9c308b5983ab0	0	3	6086dc6bf9a73666e1fac9563962c68c2674f95b4a1cb3f0bd32bf92d3acb849
1791114448	21	04f700a417754b775d95421973bdbdadb2d23c8a5af46f1829b1431f5c136e549e8a0d61aa0c793f1a614f8e437711c7758473c6ceb0859ac7e9e07911ca66b5c4	0	3	43d517c8ddc62972a8f4a26c42f54314a25da669997404bcf14d9295f2c23c01
1791114448	22	04f700a417754b775d95421973bdbdadb2d23c8a5af46f1829b1431f5c136e549e8a0d61aa0c793f1a614f8e437711c7758473c6ceb0859ac7e9e07911ca66b5c4	0	3	9b937b855443972e83f76cc62b85fc488a48d67f762f07989ebe7979cba2eed9
1791114448	22	04dbe32c2062240a4ba0bcad01d7edd98c78b51c77765d5e1e5e9fa3743d2f12a1f82f42cd7dc4f41445979117d790f23e9b3d08d0aa06d527c236172043e747fc	0	3	8c57084cf79cea5c1596a52ebdd9b29aabf5089716fce39f8e817c57519708c9
1791114448	22	04d8b6c325ae12e89823866b2a292a62d7acee520954761890a1621fef79dca1c8e8df79dd8519480e5c015ae6cf3ba7de8669e260561616a36eb9c308b5983ab0	0	3	3392622c804840f952acfd99fff55b4ad8c698d47e70bef789a5d9d5d01826cd
1791114449	23	04f700a417754b775d95421973bdbdadb2d23c8a5af46f1829b1431f5c136e549e8a0d61aa0c793f1a614f8e437711c7758473c6ceb0859ac7e9e07911ca66b5c4	0	3	fa3b365cfa270119a84850e18216b6766fc762c53ec31fd4dba941c403464362
1791114449	23	04dbe32c2062240a4ba0bcad01d7edd98c78b51c77765d5e1e5e9fa3743d2f12a1f82f42cd7dc4f41445979117d790f23e9b3d08d0aa06d527c236172043e747fc	0	3	0b146dbdd4650487c9a59b6f551e2789268847bfd563cf6d14165c819a739e23
1791114449	23	04d8b6c325ae12e89823866b2a292a62d7acee520954761890a1621fef79dca1c8e8df79dd8519480e5c015ae6cf3ba7de8669e260561616a36eb9c308b5983ab0	0	3	06d73f40cddd578a2beff17a49c66a53e834c552911a26d708440c27877eacfb
1791114449	24	04dbe32c2062240a4ba0bcad01d7edd98c78b51c77765d5e1e5e9fa3743d2f12a1f82f42cd7dc4f41445979117d790f23e9b3d08d0aa06d527c236172043e747fc	0	3	c1fee9d3a74ac2349630bd586cd205aac84686416fbb3f09be3d2e8596b2e4d8
1791114449	24	04f700a417754b775d95421973bdbdadb2d23c8a5af46f1829b1431f5c136e549e8a0d61aa0c793f1a614f8e437711c7758473c6ceb0859ac7e9e07911ca66b5c4	0	3	c1930c47ab4824e8306499c6bfcc1d5e7d2c88ce012cccfaf012e6ccdbf79577
1791114449	24	04d8b6c325ae12e89823866b2a292a62d7acee520954761890a1621fef79dca1c8e8df79dd8519480e5c015ae6cf3ba7de8669e260561616a36eb9c308b5983ab0	0	3	1cffed57e322ea0541f126ab48295432b3dbe57c46f095393be6f7fd14e2a83a
1791114458	25	04dbe32c2062240a4ba0bcad01d7edd98c78b51c77765d5e1e5e9fa3743d2f12a1f82f42cd7dc4f41445979117d790f23e9b3d08d0aa06d527c236172043e747fc	1	3	eea126d4da3907c62f7d7026e5acf8544851de85e56d4d8af65f7adf792ce0c8
1791114459	25	04d8b6c325ae12e89823866b2a292a62d7acee520954761890a1621fef79dca1c8e8df79dd8519480e5c015ae6cf3ba7de8669e260561616a36eb9c308b5983ab0	0	3	e7d7da3840473648c15d0d9be2b7be498ca8d6fcbc2a69811865c8ddc78a670f
1791114459	25	04f700a417754b775d95421973bdbdadb2d23c8a5af46f1829b1431f5c136e549e8a0d61aa0c793f1a614f8e437711c7758473c6ceb0859ac7e9e07911ca66b5c4	0	3	b0eea93a45f845e1c843de59dfda4b4457b2c14181c4f61d66000b3298004001
1791114459	26	04f700a417754b775d95421973bdbdadb2d23c8a5af46f1829b1431f5c136e549e8a0d61aa0c793f1a614f8e437711c7758473c6ceb0859ac7e9e07911ca66b5c4	0	3	dd797ed8f22c7ea8ecbd58a17224c90d756970dbbb4893ba9dcd854ae1f6392f
1791114459	26	04d8b6c325ae12e89823866b2a292a62d7acee520954761890a1621fef79dca1c8e8df79dd8519480e5c015ae6cf3ba7de8669e260561616a36eb9c308b5983ab0	0	3	ab91a20b56e702ff00ba3ff2184df52ee0283a169d3c17155215d8917e99bf0d
1791114459	26	04dbe32c2062240a4ba0bcad01d7edd98c78b51c77765d5e1e5e9fa3743d2f12a1f82f42cd7dc4f41445979117d790f23e9b3d08d0aa06d527c236172043e747fc	0	3	a0c876737884e1dbb5265e35c15418d39d5e84657d933f093fec3b444b0e7d43
1791114459	27	04dbe32c2062240a4ba0bcad01d7edd98c78b51c77765d5e1e5e9fa3743d2f12a1f82f42cd7dc4f41445979117d790f23e9b3d08d0aa06d527c236172043e747fc	0	3	448c63e2cde7f78ecc0455a36eb6f5de4ec161563a618755698907ae8cd154eb
1791114460	27	04d8b6c325ae12e89823866b2a292a62d7acee520954761890a1621fef79dca1c8e8df79dd8519480e5c015ae6cf3ba7de8669e260561616a36eb9c308b5983ab0	0	3	15002f0d2a2e76ee9eca6ae871760f8c40771c085f4f6f05c13b5024dad72316
1791114460	27	04f700a417754b775d95421973bdbdadb2d23c8a5af46f1829b1431f5c136e549e8a0d61aa0c793f1a614f8e437711c7758473c6ceb0859ac7e9e07911ca66b5c4	0	3	0911102db11059a47c377df8a381c78132349b93fef341846373e617571ea57c
1791114460	28	04f700a417754b775d95421973bdbdadb2d23c8a5af46f1829b1431f5c136e549e8a0d61aa0c793f1a614f8e437711c7758473c6ceb0859ac7e9e07911ca66b5c4	0	3	c73f6635d2eedd39875a2eee2b790a823ea292e0de5797645d51787befef65b2
1791114460	28	04d8b6c325ae12e89823866b2a292a62d7acee520954761890a1621fef79dca1c8e8df79dd8519480e5c015ae6cf3ba7de8669e260561616a36eb9c308b5983ab0	0	3	93807db8f4ea96af591a389beeab941d926aab2877086cfc23cff6f2f5235ef8
1791114460	28	04dbe32c2062240a4ba0bcad01d7edd98c78b51c77765d5e1e5e9fa3743d2f12a1f82f42cd7dc4f41445979117d790f23e9b3d08d0aa06d527c236172043e747fc	0	3	0476ab0a5a2a54c16f36998d6209e916f509a6ad25fe747679ed228bd21b6411
