height	block	sender	preStateHash	postStateHash	deploys	rejected	seqNum
92	088c7f3cbb663b8ea7157d840d2b2501740e68a25eddf8d9f04ca04195c05d6f	0410b8c5(A)	6776996dd56364a1616e96120a48b9aa73941b6a7f3ec040ecff067e6b8523b4	06c633a84569c4b4e0b404eb7d892575ce11b85913785161ac05ba8479ea064a	1	0	92
92	5c267402264ae66c495d6e8bd4922a2c0d76d81efddccf5cdf7b58398ce95411	041ed2a2(B)	6776996dd56364a1616e96120a48b9aa73941b6a7f3ec040ecff067e6b8523b4	6776996dd56364a1616e96120a48b9aa73941b6a7f3ec040ecff067e6b8523b4	0	0	91
92	868054e7e23d66f9138e6ede47281c0c8472a18d1ddd6ae4851d6cf58b5cd890	04d7707c(C)	6776996dd56364a1616e96120a48b9aa73941b6a7f3ec040ecff067e6b8523b4	6776996dd56364a1616e96120a48b9aa73941b6a7f3ec040ecff067e6b8523b4	0	0	91
92	968de94b5b59d0810689b18c6db42abb1eb4f8d10b94b3629382f198dcb62ae8	04dce59b(D)	6776996dd56364a1616e96120a48b9aa73941b6a7f3ec040ecff067e6b8523b4	6776996dd56364a1616e96120a48b9aa73941b6a7f3ec040ecff067e6b8523b4	0	0	91
93	b0bc49db0537edcd7361cb207faa419a6c73a1c23f3e008f05ba4d26bd5bdd24	04d7707c(C)	06c633a84569c4b4e0b404eb7d892575ce11b85913785161ac05ba8479ea064a	06c633a84569c4b4e0b404eb7d892575ce11b85913785161ac05ba8479ea064a	0	2	92
93	ca15a56fdf842ce6ae7eefb6fb7ff31127e1b51beafa9db33a1e9f060659d96d	041ed2a2(B)	06c633a84569c4b4e0b404eb7d892575ce11b85913785161ac05ba8479ea064a	06c633a84569c4b4e0b404eb7d892575ce11b85913785161ac05ba8479ea064a	0	2	92
93	d7771a49ed9dea6db660632c8a11a890d9a1943af4c27364868d079a6f449d04	0410b8c5(A)	06c633a84569c4b4e0b404eb7d892575ce11b85913785161ac05ba8479ea064a	06c633a84569c4b4e0b404eb7d892575ce11b85913785161ac05ba8479ea064a	0	2	93
93	e871fe42ba274d0b5d4dce263dec8d6eed899895d9c1870c31ca5788bee8696a	04dce59b(D)	06c633a84569c4b4e0b404eb7d892575ce11b85913785161ac05ba8479ea064a	06c633a84569c4b4e0b404eb7d892575ce11b85913785161ac05ba8479ea064a	0	2	92
94	2794855994fa00946f060b1ff810c0e5773230f1486b501724a2d9d055c357d3	04dce59b(D)	06c633a84569c4b4e0b404eb7d892575ce11b85913785161ac05ba8479ea064a	06c633a84569c4b4e0b404eb7d892575ce11b85913785161ac05ba8479ea064a	0	1	93
94	27fdd88c2cb708c881a883638065c0ec327c411ad280403b6fb6355b54831ee1	04d7707c(C)	06c633a84569c4b4e0b404eb7d892575ce11b85913785161ac05ba8479ea064a	06c633a84569c4b4e0b404eb7d892575ce11b85913785161ac05ba8479ea064a	0	1	93
94	282591ede058a3a0086d9fb1e989a9732fd9c6477f9cc746386fe170e0e4d73c	0410b8c5(A)	06c633a84569c4b4e0b404eb7d892575ce11b85913785161ac05ba8479ea064a	e6fb338334eaf73472aa196a833ddf198952c4aee86d8ba1e234e33e3b34dfd8	1	1	94
94	fde9248853becfa8c43efe0598dae6506f8f90f14fab148f02848a6fb24a9634	041ed2a2(B)	06c633a84569c4b4e0b404eb7d892575ce11b85913785161ac05ba8479ea064a	06c633a84569c4b4e0b404eb7d892575ce11b85913785161ac05ba8479ea064a	0	1	93
95	27cfefe3fcd0c96b343f8e89b4c71f655d5e3418afb0795ae38129e45d63e50e	0410b8c5(A)	e6fb338334eaf73472aa196a833ddf198952c4aee86d8ba1e234e33e3b34dfd8	e6fb338334eaf73472aa196a833ddf198952c4aee86d8ba1e234e33e3b34dfd8	0	0	95
95	4ec82af2d10033ba5b67fcab4d4db0c9d0660e819f034160d72cd737de8a243a	04d7707c(C)	e6fb338334eaf73472aa196a833ddf198952c4aee86d8ba1e234e33e3b34dfd8	e6fb338334eaf73472aa196a833ddf198952c4aee86d8ba1e234e33e3b34dfd8	0	0	94
95	7059d25bd8978b3b04967b4ecb8dba3974a48b0532c1cad06769313300be9b74	04dce59b(D)	e6fb338334eaf73472aa196a833ddf198952c4aee86d8ba1e234e33e3b34dfd8	e6fb338334eaf73472aa196a833ddf198952c4aee86d8ba1e234e33e3b34dfd8	0	0	94
95	d2b48c99d2f5a5a37d65591bae256213a33925ce7b19eadd9e383e0d1e342b20	041ed2a2(B)	e6fb338334eaf73472aa196a833ddf198952c4aee86d8ba1e234e33e3b34dfd8	e6fb338334eaf73472aa196a833ddf198952c4aee86d8ba1e234e33e3b34dfd8	0	0	94
96	1bc2fccef2bc7bb3497477abf4d8db6266b8775d79c7b23fa28dde3226b255e9	04d7707c(C)	e6fb338334eaf73472aa196a833ddf198952c4aee86d8ba1e234e33e3b34dfd8	e6fb338334eaf73472aa196a833ddf198952c4aee86d8ba1e234e33e3b34dfd8	0	0	95
96	381f76cc3f01645b931c90fd83fcdef4eb043cf11d389f95d188bcc2030c91f9	041ed2a2(B)	e6fb338334eaf73472aa196a833ddf198952c4aee86d8ba1e234e33e3b34dfd8	e6fb338334eaf73472aa196a833ddf198952c4aee86d8ba1e234e33e3b34dfd8	0	0	95
96	966adfe7271f1fc4821eaab4e8e898c6180d7c1013b394d5b2bc089c47a18077	0410b8c5(A)	e6fb338334eaf73472aa196a833ddf198952c4aee86d8ba1e234e33e3b34dfd8	a3c1cb6d1083ee0df78bdd15f8a0e8723e713f2c32283d752fa0ace141ac9f9b	1	0	96
96	9c48845d0e155cd74dbd231f1bb65d6086a75f2af758b5f544f966f9fc2afff5	04dce59b(D)	e6fb338334eaf73472aa196a833ddf198952c4aee86d8ba1e234e33e3b34dfd8	e6fb338334eaf73472aa196a833ddf198952c4aee86d8ba1e234e33e3b34dfd8	0	0	95
97	070e262d07b3e0a7ad787791d039fbfbbf4269e916977a79ab5addc5d327ac2c	0410b8c5(A)	a3c1cb6d1083ee0df78bdd15f8a0e8723e713f2c32283d752fa0ace141ac9f9b	a3c1cb6d1083ee0df78bdd15f8a0e8723e713f2c32283d752fa0ace141ac9f9b	0	0	97
97	4b27c28fc2b11a6f8bb11e44a12a2de3a2b6f95cc9d21fadc0e5be7360568dfc	041ed2a2(B)	a3c1cb6d1083ee0df78bdd15f8a0e8723e713f2c32283d752fa0ace141ac9f9b	a3c1cb6d1083ee0df78bdd15f8a0e8723e713f2c32283d752fa0ace141ac9f9b	0	0	96
97	4c4f0a039496576e3abd8db9113369ea8cb8262001c22bd6b06364bf3b57b9b3	04d7707c(C)	a3c1cb6d1083ee0df78bdd15f8a0e8723e713f2c32283d752fa0ace141ac9f9b	a3c1cb6d1083ee0df78bdd15f8a0e8723e713f2c32283d752fa0ace141ac9f9b	0	0	96
97	bb05dbcd39a71084263dd40232589253f01fd22f9a3192f89f4c880a77af417d	04dce59b(D)	a3c1cb6d1083ee0df78bdd15f8a0e8723e713f2c32283d752fa0ace141ac9f9b	a3c1cb6d1083ee0df78bdd15f8a0e8723e713f2c32283d752fa0ace141ac9f9b	0	0	96
98	6b81417bfc3db2648f9c755d46818b3bf0644d692bd225bb2a7020ed18cdf7b5	0410b8c5(A)	a3c1cb6d1083ee0df78bdd15f8a0e8723e713f2c32283d752fa0ace141ac9f9b	3dbeabe2e6de82095b5dd7c8ae92fd2e5f2da285fd42d67a85c37cff03e19d5b	2	0	98
98	9ccc81b184114491ab17360b8843a49bd5a0272b060c6d5c0ef8fe6dbc60a1e2	041ed2a2(B)	a3c1cb6d1083ee0df78bdd15f8a0e8723e713f2c32283d752fa0ace141ac9f9b	a3c1cb6d1083ee0df78bdd15f8a0e8723e713f2c32283d752fa0ace141ac9f9b	0	0	97
98	c84b2ad7538f2f53fd606277497c2da0103974a8c253f92c328e221301bf2da9	04dce59b(D)	a3c1cb6d1083ee0df78bdd15f8a0e8723e713f2c32283d752fa0ace141ac9f9b	a3c1cb6d1083ee0df78bdd15f8a0e8723e713f2c32283d752fa0ace141ac9f9b	0	0	97
98	e19fb066510c9427a7688dbb5a08b486a4028b457dc3611c39d894c3d038faec	04d7707c(C)	a3c1cb6d1083ee0df78bdd15f8a0e8723e713f2c32283d752fa0ace141ac9f9b	a3c1cb6d1083ee0df78bdd15f8a0e8723e713f2c32283d752fa0ace141ac9f9b	0	0	97
99	020d64ce4cbc0d5e644bfa2c7b273be8ff0532041599cd9b298e6aeaa41c85b1	04dce59b(D)	b3168385ba83fdf1de6d21814d00a4acc60308c5ce94de74f078e460b788cbb3	b3168385ba83fdf1de6d21814d00a4acc60308c5ce94de74f078e460b788cbb3	0	0	98
99	31887a8d5a05823e34670a332fac13c7207bb94c060a1dc55270ef716484c9d8	0410b8c5(A)	b3168385ba83fdf1de6d21814d00a4acc60308c5ce94de74f078e460b788cbb3	b3168385ba83fdf1de6d21814d00a4acc60308c5ce94de74f078e460b788cbb3	0	0	99
99	89281343dcef70e99e4b161cf877fa68c934f48c2d21b01d78ddb85a320bd4c9	04d7707c(C)	b3168385ba83fdf1de6d21814d00a4acc60308c5ce94de74f078e460b788cbb3	b3168385ba83fdf1de6d21814d00a4acc60308c5ce94de74f078e460b788cbb3	0	0	98
99	dd24224798ad7316ec29c9184d8dd88dacd487b04fa0a8096698ac9bed76aea0	041ed2a2(B)	b3168385ba83fdf1de6d21814d00a4acc60308c5ce94de74f078e460b788cbb3	b3168385ba83fdf1de6d21814d00a4acc60308c5ce94de74f078e460b788cbb3	0	0	98
100	357b06f84bd79147d72a4e0bf907aa6dd2899da7602e8e1e50b8ffb3e63f4918	0410b8c5(A)	b3168385ba83fdf1de6d21814d00a4acc60308c5ce94de74f078e460b788cbb3	ff6308f1db8acc4ffa3143189816ea4aa6ca0f2a81953b3476276039a0ceeaaa	1	0	100
100	3cc759f658b610a98405c7139fe97f1d08887448cc8bc9e36a8148fdc4578885	04d7707c(C)	b3168385ba83fdf1de6d21814d00a4acc60308c5ce94de74f078e460b788cbb3	3bf78f23c313f2a7d1605d67fb928d8e12fd39593e66be222d02506a0770a6a1	0	0	99
100	4b934ceb2996b4e013f985543b5c4a4f268b733bd94babd28813d9fafe17f653	041ed2a2(B)	b3168385ba83fdf1de6d21814d00a4acc60308c5ce94de74f078e460b788cbb3	3bf78f23c313f2a7d1605d67fb928d8e12fd39593e66be222d02506a0770a6a1	0	0	99
100	c2b9773003481901d6820abbca2a659d6a930ce2644a05e319af3dc10957f8ca	04dce59b(D)	b3168385ba83fdf1de6d21814d00a4acc60308c5ce94de74f078e460b788cbb3	3bf78f23c313f2a7d1605d67fb928d8e12fd39593e66be222d02506a0770a6a1	0	0	99
101	6e4f0d958bd21721f6ef3a4596ef3f1178dcb8e085d38573ec1860f419512cd9	04dce59b(D)	e12960299fd74f5498bb96892b6e78ced6dd9d5a49802ba857d8b8e4545f5a81	e12960299fd74f5498bb96892b6e78ced6dd9d5a49802ba857d8b8e4545f5a81	0	0	100
101	be5a9f0f404af493c2b5ba7211effa31191b7b60783438c881be67fa3afa68d6	0410b8c5(A)	e12960299fd74f5498bb96892b6e78ced6dd9d5a49802ba857d8b8e4545f5a81	e12960299fd74f5498bb96892b6e78ced6dd9d5a49802ba857d8b8e4545f5a81	0	0	101
101	dd3853c1e17ff67ee3fe2c0d212c66eb4055a78d9f06f2e59d29273f93246bc3	041ed2a2(B)	e12960299fd74f5498bb96892b6e78ced6dd9d5a49802ba857d8b8e4545f5a81	e12960299fd74f5498bb96892b6e78ced6dd9d5a49802ba857d8b8e4545f5a81	0	0	100
101	e3a8e5fcf4b30c47cbede2fb1f4023861a0aa24e28a0e52233edf1431ad4f7f3	04d7707c(C)	e12960299fd74f5498bb96892b6e78ced6dd9d5a49802ba857d8b8e4545f5a81	e12960299fd74f5498bb96892b6e78ced6dd9d5a49802ba857d8b8e4545f5a81	0	0	100
102	2f46520fd9798482b07069466cb4680d003808ef4c33fe1b640f178cc2b5153e	0410b8c5(A)	e12960299fd74f5498bb96892b6e78ced6dd9d5a49802ba857d8b8e4545f5a81	e12960299fd74f5498bb96892b6e78ced6dd9d5a49802ba857d8b8e4545f5a81	0	0	102
102	66582ca73501a896e04fd65ab54c06deb50719165e5b1837751b447bf7e94523	041ed2a2(B)	e12960299fd74f5498bb96892b6e78ced6dd9d5a49802ba857d8b8e4545f5a81	e12960299fd74f5498bb96892b6e78ced6dd9d5a49802ba857d8b8e4545f5a81	0	0	101
102	e587ef996fdbc840e026e09d1d6d095c47ba50befe3dc277010a3194b4fd2fcd	04d7707c(C)	e12960299fd74f5498bb96892b6e78ced6dd9d5a49802ba857d8b8e4545f5a81	e12960299fd74f5498bb96892b6e78ced6dd9d5a49802ba857d8b8e4545f5a81	0	0	101
102	ff8bba262d8965314412595877d86bf6e1b14f4c6e437a5ca62847d790c14ba2	04dce59b(D)	e12960299fd74f5498bb96892b6e78ced6dd9d5a49802ba857d8b8e4545f5a81	e12960299fd74f5498bb96892b6e78ced6dd9d5a49802ba857d8b8e4545f5a81	0	0	101
103	092813d9357682bacf9a5571051b880b49a25e6c5c88b8a8f2396f5b9be939ae	04dce59b(D)	3bf78f23c313f2a7d1605d67fb928d8e12fd39593e66be222d02506a0770a6a1	3bf78f23c313f2a7d1605d67fb928d8e12fd39593e66be222d02506a0770a6a1	0	2	102
103	1dc55474d997411a0ecef99bf0657678fd55749698d721cd5709d1ea0be667d8	0410b8c5(A)	3bf78f23c313f2a7d1605d67fb928d8e12fd39593e66be222d02506a0770a6a1	44518c03bf54e080b386331329f579d4325d89974907524f5f6e9a67b194bb13	1	2	103
103	7b2705213d4afea0c15323092bce854554b07e1f31da23d3030154ab72c45472	041ed2a2(B)	3bf78f23c313f2a7d1605d67fb928d8e12fd39593e66be222d02506a0770a6a1	3bf78f23c313f2a7d1605d67fb928d8e12fd39593e66be222d02506a0770a6a1	0	2	102
103	f6cff11557cb90ba954e6482ebcb75cba9733b98a61cf9c35bafcd800d79c6b5	04d7707c(C)	3bf78f23c313f2a7d1605d67fb928d8e12fd39593e66be222d02506a0770a6a1	3bf78f23c313f2a7d1605d67fb928d8e12fd39593e66be222d02506a0770a6a1	0	2	102
104	0723f71f2849c983031f5b9cf9fc6c4fa682084c35ae6065912b0000c52dce0b	0410b8c5(A)	3bf78f23c313f2a7d1605d67fb928d8e12fd39593e66be222d02506a0770a6a1	3bf78f23c313f2a7d1605d67fb928d8e12fd39593e66be222d02506a0770a6a1	0	5	104
105	ae973c3c006a5ada36eff70254e5ff675007d254331dc4610c5054d49eddc9e8	0410b8c5(A)	4bb663bc5c9913b19c72c1e3372695838454d6da00663cdcb819f4c424d30ff9	eedb159b7f441e1fe34917e62b06397bd8e7eb44df79bbdcbd2223ce8f6f85e9	1	5	105
